config_id,approach,step_dist,add_dist,confirm_dist,cycle_id,start_time,end_time,duration_bars,duration_minutes,start_bar_idx,end_bar_idx,side,add_count,exit_position,pnl_ticks_gross,pnl_ticks_net,pnl_ticks_per_unit,mfe_points,mae_points,atr_20bar,atr_percentile,swing_median_20,swing_p90_20,directional_persistence,bar_range_median_20,would_flatten_reseed,half_block_profit
C_SD35_CD14.0_MA1,C,35.0,0.0,14.0,1,2025-09-22 09:32:23.092005,2025-09-22 10:02:33.805196,47077,30.18,8702,55778,LONG,1,2,224.0,216.0,112.0,28.0,-29.0,5.5625,76.47058823529412,8.25,13.0,0.0,5.5,False,80.0
C_SD35_CD14.0_MA1,C,35.0,0.0,14.0,3,2025-09-23 09:40:55.281000,2025-09-23 10:00:01.009026,32072,19.1,372972,405043,SHORT,1,2,224.0,216.0,112.0,28.0,-12.5,4.2125,77.80000000000001,11.625,19.250000000000004,1.0,3.625,False,80.0
C_SD35_CD14.0_MA1,C,35.0,0.0,14.0,4,2025-09-23 10:00:01.009026,2025-09-23 10:41:33.510000,49519,41.54,405043,454561,LONG,1,2,224.0,216.0,112.0,28.0,-7.0,4.875,75.60000000000001,13.0,16.400000000000002,1.0,4.875,False,80.0
C_SD35_CD14.0_MA1,C,35.0,0.0,14.0,5,2025-09-23 10:41:33.510000,2025-09-23 11:42:16.088005,55236,60.71,454561,509796,SHORT,1,2,224.0,216.0,112.0,28.0,-10.75,4.4875,32.7,10.0,19.025,1.0,4.0,False,80.0
C_SD35_CD14.0_MA1,C,35.0,0.0,14.0,7,2025-09-24 09:32:44.601000,2025-09-24 09:49:24.918005,35168,16.67,803761,838928,SHORT,1,2,224.0,216.0,112.0,28.0,-13.25,5.675,82.0,8.875,26.95000000000001,1.0,5.375,False,80.0
C_SD35_CD14.0_MA1,C,35.0,0.0,14.0,9,2025-09-25 09:30:26.184014,2025-09-25 09:35:27.662000,17515,5.02,1209047,1226561,SHORT,1,2,224.0,216.0,112.0,28.0,-19.75,14.7875,100.0,9.875,22.225000000000016,1.0,5.75,False,80.0
C_SD35_CD14.0_MA1,C,35.0,0.0,14.0,10,2025-09-25 09:35:27.662000,2025-09-25 10:06:10.211001,89315,30.71,1226561,1315875,LONG,1,2,224.0,216.0,112.0,28.0,-83.75,6.1875,84.60000000000001,10.875,31.85,1.0,6.125,False,80.0
C_SD35_CD14.0_MA1,C,35.0,0.0,14.0,11,2025-09-25 10:06:10.211001,2025-09-25 14:00:32.066000,270260,234.36,1315875,1586134,SHORT,1,2,224.0,216.0,112.0,28.0,-155.5,5.4625,18.8,13.75,25.875,1.0,4.75,False,80.0
C_SD35_CD14.0_MA1,C,35.0,0.0,14.0,12,2025-09-25 14:00:32.066000,2025-09-25 14:15:21.963000,26971,14.83,1586134,1613104,LONG,1,2,224.0,216.0,112.0,28.0,-52.75,5.175,5.9,11.375,30.750000000000007,1.0,5.0,False,80.0
C_SD35_CD14.0_MA1,C,35.0,0.0,14.0,14,2025-09-26 09:30:11.930001,2025-09-26 10:15:17.206000,97389,45.09,1729061,1826449,SHORT,1,2,224.0,216.0,112.0,28.0,-121.0,7.225,99.0,16.875,25.150000000000006,1.0,6.0,False,80.0
C_SD35_CD14.0_MA1,C,35.0,0.0,14.0,15,2025-09-26 10:15:17.206000,2025-09-26 10:40:30.872000,50544,25.23,1826449,1876992,LONG,1,2,226.0,218.0,113.0,28.25,-71.25,7.2625,57.300000000000004,16.125,31.200000000000006,1.0,6.875,False,82.0
C_SD35_CD14.0_MA1,C,35.0,0.0,14.0,16,2025-09-26 10:40:30.872000,2025-09-26 10:49:12.835000,15589,8.7,1876992,1892580,SHORT,1,2,224.0,216.0,112.0,28.0,-23.75,5.6875,2.2,11.75,33.32500000000002,1.0,5.75,False,80.0
C_SD35_CD14.0_MA1,C,35.0,0.0,14.0,17,2025-09-26 10:49:12.835000,2025-09-26 11:27:02.894000,49915,37.83,1892580,1942494,LONG,1,2,224.0,216.0,112.0,28.0,-45.75,6.8875,38.0,10.0,27.125000000000014,1.0,6.75,False,80.0
C_SD35_CD14.0_MA1,C,35.0,0.0,14.0,18,2025-09-26 11:27:02.894000,2025-09-26 11:58:51.517000,26673,31.81,1942494,1969166,SHORT,1,2,226.0,218.0,113.0,28.25,-17.0,7.3875,54.800000000000004,14.625,23.1,1.0,7.0,False,80.0
C_SD35_CD14.0_MA1,C,35.0,0.0,14.0,19,2025-09-26 11:58:51.517000,2025-09-26 12:19:17.333000,13712,20.43,1969166,1982877,LONG,1,2,224.0,216.0,112.0,28.0,-16.0,8.4625,94.60000000000001,15.125,21.525000000000006,1.0,8.625,False,80.0
C_SD35_CD14.0_MA1,C,35.0,0.0,14.0,21,2025-09-29 09:33:03.257000,2025-09-29 09:45:02.126090,21784,11.98,2131509,2153292,LONG,1,2,224.0,216.0,112.0,28.0,-20.25,6.675,87.4,11.125,24.625000000000007,1.0,6.625,False,80.0
C_SD35_CD14.0_MA1,C,35.0,0.0,14.0,22,2025-09-29 09:45:02.126090,2025-09-29 11:15:05.662004,107580,90.06,2153292,2260871,SHORT,1,2,224.0,216.0,112.0,28.0,-54.75,5.3875,43.0,9.875,17.750000000000004,1.0,5.5,False,80.0
C_SD35_CD14.0_MA1,C,35.0,0.0,14.0,24,2025-09-30 09:33:16.221003,2025-09-30 09:37:42.619000,9432,4.44,2507730,2517161,SHORT,1,2,224.0,216.0,112.0,28.0,-6.25,7.575,97.60000000000001,8.5,17.450000000000006,1.0,7.5,False,80.0
C_SD35_CD14.0_MA1,C,35.0,0.0,14.0,25,2025-09-30 09:37:42.619000,2025-09-30 09:44:20.076000,10941,6.62,2517161,2528101,LONG,1,2,224.0,216.0,112.0,28.0,-16.0,7.3375,95.80000000000001,14.375,26.825000000000003,1.0,7.625,False,80.0
C_SD35_CD14.0_MA1,C,35.0,0.0,14.0,26,2025-09-30 09:44:20.076000,2025-09-30 09:54:14.282205,14965,9.9,2528101,2543065,SHORT,1,2,224.0,216.0,112.0,28.0,-20.75,7.45,91.80000000000001,13.0,26.775,1.0,7.0,False,80.0
C_SD35_CD14.0_MA1,C,35.0,0.0,14.0,27,2025-09-30 09:54:14.282205,2025-09-30 09:59:57.725000,11427,5.72,2543065,2554491,LONG,1,2,224.0,216.0,112.0,28.0,-28.25,7.95,98.0,11.5,27.950000000000014,1.0,8.0,False,80.0
C_SD35_CD14.0_MA1,C,35.0,0.0,14.0,28,2025-09-30 09:59:57.725000,2025-09-30 10:10:25.850001,16472,10.47,2554491,2570962,SHORT,1,2,224.0,216.0,112.0,28.0,-27.25,7.1,74.60000000000001,12.875,35.375,1.0,6.875,False,80.0
C_SD35_CD14.0_MA1,C,35.0,0.0,14.0,29,2025-09-30 10:10:25.850001,2025-09-30 10:17:00.878000,7898,6.58,2570962,2578859,LONG,1,2,224.0,216.0,112.0,28.0,-10.5,7.575,84.30000000000001,13.0,30.550000000000015,1.0,7.5,False,80.0
C_SD35_CD14.0_MA1,C,35.0,0.0,14.0,30,2025-09-30 10:17:00.878000,2025-09-30 13:21:16.680072,165519,184.26,2578859,2744377,SHORT,1,2,224.0,216.0,112.0,28.0,-84.25,8.3625,96.60000000000001,10.875,24.275000000000006,1.0,8.5,False,80.0
C_SD35_CD14.0_MA1,C,35.0,0.0,14.0,31,2025-09-30 13:21:16.680072,2025-09-30 13:50:06.962059,20374,28.84,2744377,2764750,LONG,1,2,224.0,216.0,112.0,28.0,-18.75,6.8375,93.10000000000001,11.375,20.450000000000006,1.0,6.625,False,80.0
C_SD35_CD14.0_MA1,C,35.0,0.0,14.0,33,2025-10-01 09:31:33.805000,2025-10-01 09:34:05.379000,7465,2.53,2897193,2904657,LONG,1,2,224.0,216.0,112.0,28.0,-7.0,7.9375,96.0,8.75,24.400000000000052,1.0,7.5,False,80.0
C_SD35_CD14.0_MA1,C,35.0,0.0,14.0,34,2025-10-01 09:34:05.379000,2025-10-01 09:47:38.498001,21516,13.55,2904657,2926172,SHORT,1,2,224.0,216.0,112.0,28.0,-15.5,7.1875,88.2,10.75,24.62500000000005,1.0,7.5,False,80.0
C_SD35_CD14.0_MA1,C,35.0,0.0,14.0,35,2025-10-01 09:47:38.498001,2025-10-01 10:14:14.246001,42737,26.6,2926172,2968908,LONG,1,2,224.0,216.0,112.0,28.0,-72.0,7.2625,78.7,11.625,24.725,1.0,7.125,False,80.0
C_SD35_CD14.0_MA1,C,35.0,0.0,14.0,37,2025-10-02 09:34:35.157000,2025-10-02 09:37:45.409003,8162,3.17,3231296,3239457,SHORT,1,2,224.0,216.0,112.0,28.0,-6.5,5.7125,91.60000000000001,9.625,27.275000000000006,1.0,5.625,False,80.0
C_SD35_CD14.0_MA1,C,35.0,0.0,14.0,39,2025-10-03 10:00:01.703005,2025-10-03 10:08:41.237068,14564,8.66,3601679,3616242,SHORT,1,2,223.0,215.0,111.5,27.875,-9.375,6.45,80.9,11.5,42.75,1.0,6.25,False,79.0
C_SD35_CD14.0_MA1,C,35.0,0.0,14.0,40,2025-10-03 10:08:41.237068,2025-10-03 10:16:20.058057,11696,7.65,3616242,3627937,LONG,1,2,224.0,216.0,112.0,28.0,-12.5,7.6625,89.2,11.625,20.025,1.0,7.375,False,80.0
C_SD35_CD14.0_MA1,C,35.0,0.0,14.0,41,2025-10-03 10:16:20.058057,2025-10-03 10:23:55.307001,8485,7.59,3627937,3636421,SHORT,1,2,224.0,216.0,112.0,28.0,-2.25,6.2375,52.6,15.25,27.1,1.0,6.0,False,80.0
C_SD35_CD14.0_MA1,C,35.0,0.0,14.0,42,2025-10-03 10:23:55.307001,2025-10-03 10:26:27.737001,3731,2.54,3636421,3640151,LONG,1,2,224.0,216.0,112.0,28.0,-4.25,7.2,82.4,13.625,27.1,1.0,7.0,False,80.0
C_SD35_CD14.0_MA1,C,35.0,0.0,14.0,43,2025-10-03 10:26:27.737001,2025-10-03 13:03:03.417048,110185,156.59,3640151,3750335,SHORT,1,2,224.0,216.0,112.0,28.0,-64.5,6.4,55.900000000000006,13.625,27.1,1.0,5.875,False,80.0
C_SD35_CD14.0_MA1,C,35.0,0.0,14.0,45,2025-10-06 09:32:14.548001,2025-10-06 09:43:18.724000,21065,11.07,3947809,3968873,SHORT,1,2,224.0,216.0,112.0,28.0,-22.0,7.6,72.60000000000001,10.5,30.05,1.0,7.5,False,80.0
C_SD35_CD14.0_MA1,C,35.0,0.0,14.0,46,2025-10-06 09:43:18.724000,2025-10-06 10:21:26.758000,47493,38.13,3968873,4016365,LONG,1,2,223.0,215.0,111.5,27.875,-27.5,8.2375,88.0,22.875,30.675000000000004,1.0,8.25,False,79.0
C_SD35_CD14.0_MA1,C,35.0,0.0,14.0,47,2025-10-06 10:21:26.758000,2025-10-06 10:28:54.532001,6896,7.46,4016365,4023260,SHORT,1,2,224.0,216.0,112.0,28.0,-5.75,7.3875,51.2,9.125,23.35,1.0,6.75,False,80.0
C_SD35_CD14.0_MA1,C,35.0,0.0,14.0,48,2025-10-06 10:28:54.532001,2025-10-06 11:43:25.073000,56713,74.51,4023260,4079972,LONG,1,2,224.0,216.0,112.0,28.0,-35.75,6.8125,35.9,10.0,24.375,1.0,6.625,False,80.0
C_SD35_CD14.0_MA1,C,35.0,0.0,14.0,50,2025-10-07 10:35:53.208209,2025-10-07 11:03:16.947000,34358,27.4,4314228,4348585,SHORT,1,2,224.0,216.0,112.0,28.0,-16.25,4.775,39.5,14.375,24.40000000000001,1.0,4.75,False,80.0
C_SD35_CD14.0_MA1,C,35.0,0.0,14.0,52,2025-10-08 09:31:41.664005,2025-10-08 09:40:03.420002,16964,8.36,4648145,4665108,LONG,1,2,224.0,216.0,112.0,28.0,-10.5,6.975,88.60000000000001,10.625,20.02500000000002,1.0,7.25,False,80.0
C_SD35_CD14.0_MA1,C,35.0,0.0,14.0,54,2025-10-09 09:35:25.951008,2025-10-09 09:42:38.507000,13090,7.21,4980768,4993857,SHORT,1,2,224.0,216.0,112.0,28.0,-21.25,6.1625,92.0,11.125,24.150000000000002,1.0,6.0,False,80.0
C_SD35_CD14.0_MA1,C,35.0,0.0,14.0,55,2025-10-09 09:42:38.507000,2025-10-09 09:48:58.711001,11122,6.34,4993857,5004978,LONG,1,2,223.0,215.0,111.5,27.875,-12.375,5.0875,77.2,11.25,24.72500000000001,1.0,4.875,False,79.0
C_SD35_CD14.0_MA1,C,35.0,0.0,14.0,56,2025-10-09 09:48:58.711001,2025-10-09 09:55:51.193000,14485,6.87,5004978,5019462,SHORT,1,2,224.0,216.0,112.0,28.0,-22.75,6.1875,82.80000000000001,10.75,17.975,1.0,5.75,False,80.0
C_SD35_CD14.0_MA1,C,35.0,0.0,14.0,57,2025-10-09 09:55:51.193000,2025-10-09 09:58:33.135000,4917,2.7,5019462,5024378,LONG,1,2,223.0,215.0,111.5,27.875,-7.5,6.75,90.0,11.375,22.325000000000024,1.0,6.0,False,79.0
C_SD35_CD14.0_MA1,C,35.0,0.0,14.0,58,2025-10-09 09:58:33.135000,2025-10-09 10:15:50.159000,18751,17.28,5024378,5043128,SHORT,1,2,224.0,216.0,112.0,28.0,-4.5,6.55,83.30000000000001,10.875,37.85,1.0,5.875,False,80.0
C_SD35_CD14.0_MA1,C,35.0,0.0,14.0,59,2025-10-09 10:15:50.159000,2025-10-09 15:59:57.049018,299737,344.11,5043128,5342864,LONG,1,2,223.0,215.0,111.5,27.875,-105.375,6.4625,74.8,9.5,18.900000000000006,1.0,6.125,False,79.0
C_SD35_CD14.0_MA1,C,35.0,0.0,14.0,61,2025-10-10 09:36:59.062016,2025-10-10 09:45:31.827001,16071,8.55,5369680,5385750,LONG,1,2,224.0,216.0,112.0,28.0,-5.75,5.8875,66.10000000000001,10.875,19.225000000000016,1.0,5.875,False,80.0
C_SD35_CD14.0_MA1,C,35.0,0.0,14.0,62,2025-10-10 09:45:31.827001,2025-10-10 09:49:50.201171,6793,4.31,5385750,5392542,SHORT,1,2,224.0,216.0,112.0,28.0,-5.0,5.125,46.300000000000004,9.875,18.95000000000001,1.0,4.875,False,80.0
C_SD35_CD14.0_MA1,C,35.0,0.0,14.0,64,2025-10-13 09:33:17.429000,2025-10-13 09:35:13.717000,6741,1.94,6117070,6123810,SHORT,1,2,224.0,216.0,112.0,28.0,-13.25,9.275,84.80000000000001,20.25,32.275,1.0,8.75,False,82.0
C_SD35_CD14.0_MA1,C,35.0,0.0,14.0,65,2025-10-13 09:35:13.717000,2025-10-13 09:43:01.083000,22443,7.79,6123810,6146252,LONG,1,2,224.0,216.0,112.0,28.0,-31.25,8.0125,42.400000000000006,22.75,35.10000000000001,1.0,7.75,False,80.0
C_SD35_CD14.0_MA1,C,35.0,0.0,14.0,66,2025-10-13 09:43:01.083000,2025-10-13 10:56:22.278000,123320,73.35,6146252,6269571,SHORT,1,2,224.0,216.0,112.0,28.0,-130.75,9.225,76.7,16.875,27.70000000000001,1.0,9.0,False,80.0
C_SD35_CD14.0_MA1,C,35.0,0.0,14.0,67,2025-10-13 10:56:22.278000,2025-10-13 11:08:59.744006,17492,12.62,6269571,6287062,LONG,1,2,224.0,216.0,112.0,28.0,-16.0,7.25,10.5,14.375,31.100000000000005,1.0,7.0,False,80.0
C_SD35_CD14.0_MA1,C,35.0,0.0,14.0,69,2025-10-14 09:30:23.651001,2025-10-14 09:33:57.950003,12264,3.57,6517509,6529772,SHORT,1,2,224.0,216.0,112.0,28.0,-30.75,21.9125,100.0,11.125,20.97500000000001,1.0,7.0,False,80.0
C_SD35_CD14.0_MA1,C,35.0,0.0,14.0,70,2025-10-14 09:33:57.950003,2025-10-14 10:04:44.448001,85693,30.77,6529772,6615464,LONG,1,2,222.0,214.0,111.0,27.75,-147.75,9.8125,88.2,15.0,34.775,1.0,10.125,False,78.0
C_SD35_CD14.0_MA1,C,35.0,0.0,14.0,72,2025-10-15 09:30:34.858014,2025-10-15 09:38:37.122006,18949,8.04,6997102,7016050,SHORT,1,2,224.0,216.0,112.0,28.0,-34.0,21.7,98.80000000000001,12.625,36.95000000000003,1.0,8.5,False,80.0
C_SD35_CD14.0_MA1,C,35.0,0.0,14.0,73,2025-10-15 09:38:37.122006,2025-10-15 09:42:13.122000,7176,3.6,7016050,7023225,LONG,1,2,224.0,216.0,112.0,28.0,-12.75,8.7875,44.6,15.75,24.175000000000004,1.0,8.375,False,80.0
C_SD35_CD14.0_MA1,C,35.0,0.0,14.0,74,2025-10-15 09:42:13.122000,2025-10-15 09:44:10.132000,4570,1.95,7023225,7027794,SHORT,1,2,224.0,216.0,112.0,28.0,-13.75,7.6625,28.5,15.375,23.075000000000003,1.0,7.625,False,80.0
C_SD35_CD14.0_MA1,C,35.0,0.0,14.0,75,2025-10-15 09:44:10.132000,2025-10-15 09:45:17.709000,3368,1.13,7027794,7031161,LONG,1,2,224.0,216.0,112.0,28.0,-12.0,8.4875,38.400000000000006,13.5,23.075000000000003,1.0,7.625,False,80.0
C_SD35_CD14.0_MA1,C,35.0,0.0,14.0,76,2025-10-15 09:45:17.709000,2025-10-15 09:47:47.014000,6031,2.49,7031161,7037191,SHORT,1,2,224.0,216.0,112.0,28.0,-18.75,8.625,40.400000000000006,14.625,25.15000000000002,1.0,8.25,False,80.0
C_SD35_CD14.0_MA1,C,35.0,0.0,14.0,77,2025-10-15 09:47:47.014000,2025-10-15 09:52:06.281000,11806,4.32,7037191,7048996,LONG,1,2,224.0,216.0,112.0,28.0,-35.5,10.025,56.400000000000006,14.125,45.80000000000001,1.0,9.125,False,80.0
C_SD35_CD14.0_MA1,C,35.0,0.0,14.0,78,2025-10-15 09:52:06.281000,2025-10-15 11:48:38.034000,145472,116.53,7048996,7194467,SHORT,1,2,224.0,216.0,112.0,28.0,-147.5,8.2875,25.6,14.75,45.80000000000001,1.0,8.125,False,80.0
C_SD35_CD14.0_MA1,C,35.0,0.0,14.0,79,2025-10-15 11:48:38.034000,2025-10-15 12:02:31.938000,24186,13.9,7194467,7218652,LONG,1,2,224.0,216.0,112.0,28.0,-55.25,9.3,100.0,11.625,27.30000000000001,1.0,9.25,False,80.0
C_SD35_CD14.0_MA1,C,35.0,0.0,14.0,80,2025-10-15 12:02:31.938000,2025-10-15 12:05:47.518001,4018,3.26,7218652,7222669,SHORT,1,2,224.0,216.0,112.0,28.0,-5.25,8.1875,87.0,11.875,31.575000000000003,1.0,7.75,False,80.0
C_SD35_CD14.0_MA1,C,35.0,0.0,14.0,81,2025-10-15 12:05:47.518001,2025-10-15 12:08:00.490000,2712,2.22,7222669,7225380,LONG,1,2,224.0,216.0,112.0,28.0,-8.5,8.6,94.60000000000001,13.5,31.575000000000003,1.0,7.5,False,80.0
C_SD35_CD14.0_MA1,C,35.0,0.0,14.0,82,2025-10-15 12:08:00.490000,2025-10-15 12:17:11.266001,8630,9.18,7225380,7234009,SHORT,1,2,224.0,216.0,112.0,28.0,-13.0,9.6875,99.4,13.5,31.575000000000003,1.0,8.75,False,80.0
C_SD35_CD14.0_MA1,C,35.0,0.0,14.0,83,2025-10-15 12:17:11.266001,2025-10-15 12:25:05.639002,6745,7.91,7234009,7240753,LONG,1,2,224.0,216.0,112.0,28.0,-7.0,9.425,97.80000000000001,13.375,31.025,1.0,9.875,False,80.0
C_SD35_CD14.0_MA1,C,35.0,0.0,14.0,84,2025-10-15 12:25:05.639002,2025-10-15 12:34:12.924000,8701,9.12,7240753,7249453,SHORT,1,2,223.0,215.0,111.5,27.875,-24.75,9.3,95.30000000000001,13.375,31.72500000000001,1.0,7.625,False,79.0
C_SD35_CD14.0_MA1,C,35.0,0.0,14.0,86,2025-10-16 09:31:35.118000,2025-10-16 09:45:46.184073,31439,14.18,7476909,7508347,LONG,1,2,224.0,216.0,112.0,28.0,-50.0,7.525,68.60000000000001,16.0,39.125,1.0,7.5,False,80.0
C_SD35_CD14.0_MA1,C,35.0,0.0,14.0,87,2025-10-16 09:45:46.184073,2025-10-16 09:47:31.576012,4571,1.76,7508347,7512917,SHORT,1,2,224.0,216.0,112.0,28.0,-9.5,6.8625,36.9,9.625,25.775000000000006,1.0,7.0,False,80.0
C_SD35_CD14.0_MA1,C,35.0,0.0,14.0,88,2025-10-16 09:47:31.576012,2025-10-16 10:35:46.448000,76152,48.25,7512917,7589068,LONG,1,2,224.0,216.0,112.0,28.0,-74.25,7.7625,71.60000000000001,10.25,25.775000000000006,1.0,7.375,False,80.0
C_SD35_CD14.0_MA1,C,35.0,0.0,14.0,89,2025-10-16 10:35:46.448000,2025-10-16 11:06:02.553009,45815,30.27,7589068,7634882,SHORT,1,2,224.0,216.0,112.0,28.0,-63.5,8.8125,49.400000000000006,13.0,24.97500000000001,1.0,8.75,False,80.0
C_SD35_CD14.0_MA1,C,35.0,0.0,14.0,90,2025-10-16 11:06:02.553009,2025-10-16 11:07:20.812000,2487,1.3,7634882,7637368,LONG,1,2,226.0,218.0,113.0,28.25,-6.75,9.9,89.60000000000001,12.75,27.775,1.0,8.875,False,80.0
C_SD35_CD14.0_MA1,C,35.0,0.0,14.0,91,2025-10-16 11:07:20.812000,2025-10-16 11:25:03.436005,13815,17.71,7637368,7651182,SHORT,1,2,224.0,216.0,112.0,28.0,-18.25,10.225,92.7,13.125,27.775,1.0,9.5,False,80.0
C_SD35_CD14.0_MA1,C,35.0,0.0,14.0,94,2025-10-20 09:30:14.842029,2025-10-20 09:32:19.036000,6771,2.07,8508491,8515261,LONG,1,2,224.0,216.0,112.0,28.0,-5.5,11.35,91.80000000000001,10.875,27.350000000000016,1.0,5.625,False,80.0
C_SD35_CD14.0_MA1,C,35.0,0.0,14.0,96,2025-10-21 09:32:12.704000,2025-10-21 09:46:03.956010,26112,13.85,8814988,8841099,SHORT,1,2,224.0,216.0,112.0,28.0,-28.25,7.0625,99.2,8.875,21.925000000000004,1.0,7.25,False,80.0
C_SD35_CD14.0_MA1,C,35.0,0.0,14.0,97,2025-10-21 09:46:03.956010,2025-10-21 09:50:57.379142,9508,4.89,8841099,8850606,LONG,1,2,224.0,216.0,112.0,28.0,-19.75,6.75,93.2,11.25,33.400000000000006,1.0,6.125,False,80.0
C_SD35_CD14.0_MA1,C,35.0,0.0,14.0,98,2025-10-21 09:50:57.379142,2025-10-21 09:55:16.705133,5886,4.32,8850606,8856491,SHORT,1,2,223.0,215.0,111.5,27.875,-12.125,7.0,93.2,11.875,34.05000000000001,1.0,6.375,False,79.0
C_SD35_CD14.0_MA1,C,35.0,0.0,14.0,99,2025-10-21 09:55:16.705133,2025-10-21 10:18:59.037025,29980,23.71,8856491,8886470,LONG,1,2,224.0,216.0,112.0,28.0,-20.25,6.8875,87.2,13.125,38.10000000000001,1.0,6.5,False,80.0
C_SD35_CD14.0_MA1,C,35.0,0.0,14.0,100,2025-10-21 10:18:59.037025,2025-10-21 10:26:39.118018,10641,7.67,8886470,8897110,SHORT,1,2,224.0,216.0,112.0,28.0,-20.25,6.125,45.1,10.5,20.35,1.0,6.0,False,80.0
C_SD35_CD14.0_MA1,C,35.0,0.0,14.0,101,2025-10-21 10:26:39.118018,2025-10-21 10:40:39.187000,18821,14.0,8897110,8915930,LONG,1,2,224.0,216.0,112.0,28.0,-34.5,6.575,57.0,9.75,21.3,1.0,6.25,False,80.0
C_SD35_CD14.0_MA1,C,35.0,0.0,14.0,102,2025-10-21 10:40:39.187000,2025-10-21 10:45:23.867030,4679,4.74,8915930,8920608,SHORT,1,2,224.0,216.0,112.0,28.0,-7.0,6.3,35.7,16.625,39.375,1.0,5.375,False,80.0
C_SD35_CD14.0_MA1,C,35.0,0.0,14.0,103,2025-10-21 10:45:23.867030,2025-10-21 10:49:13.550000,3345,3.83,8920608,8923952,LONG,1,2,226.0,218.0,113.0,28.25,-0.5,6.5125,41.1,15.375,39.375,1.0,6.25,False,80.0
C_SD35_CD14.0_MA1,C,35.0,0.0,14.0,104,2025-10-21 10:49:13.550000,2025-10-21 16:04:03.513010,203572,314.83,8923952,9127523,SHORT,1,2,224.0,216.0,112.0,28.0,-89.5,6.825,55.0,16.625,39.375,1.0,6.75,False,80.0
C_SD35_CD14.0_MA1,C,35.0,0.0,14.0,106,2025-10-22 09:30:31.985000,2025-10-22 09:33:58.115005,9580,3.44,9136348,9145927,SHORT,1,2,224.0,216.0,112.0,28.0,-5.25,7.225,70.60000000000001,15.875,33.775000000000006,1.0,5.625,False,80.0
C_SD35_CD14.0_MA1,C,35.0,0.0,14.0,107,2025-10-22 09:33:58.115005,2025-10-22 09:40:00.149002,14452,6.03,9145927,9160378,LONG,1,2,224.0,216.0,112.0,28.0,-23.25,6.875,59.400000000000006,13.0,28.97500000000001,1.0,6.5,False,80.0
C_SD35_CD14.0_MA1,C,35.0,0.0,14.0,108,2025-10-22 09:40:00.149002,2025-10-22 10:15:03.557010,52446,35.06,9160378,9212823,SHORT,1,2,224.0,216.0,112.0,28.0,-58.75,6.525,53.7,9.75,20.875000000000007,1.0,6.375,False,80.0
C_SD35_CD14.0_MA1,C,35.0,0.0,14.0,109,2025-10-22 10:15:03.557010,2025-10-22 10:16:28.395001,3658,1.41,9212823,9216480,LONG,1,2,224.0,216.0,112.0,28.0,-5.5,5.9875,45.400000000000006,14.875,28.350000000000005,1.0,5.75,False,80.0
C_SD35_CD14.0_MA1,C,35.0,0.0,14.0,110,2025-10-22 10:16:28.395001,2025-10-22 10:23:42.397002,10798,7.23,9216480,9227277,SHORT,1,2,224.0,216.0,112.0,28.0,-14.5,6.125,50.300000000000004,15.375,32.12500000000001,1.0,6.375,False,82.0
C_SD35_CD14.0_MA1,C,35.0,0.0,14.0,112,2025-10-23 09:36:21.779000,2025-10-23 09:44:14.995014,14018,7.89,9692925,9706942,LONG,1,2,223.0,215.0,111.5,27.875,-3.125,7.7,28.1,14.25,25.750000000000007,1.0,7.25,False,79.0
C_SD35_CD14.0_MA1,C,35.0,0.0,14.0,115,2025-10-27 09:30:11.829024,2025-10-27 10:36:28.055002,89663,66.27,10376086,10465748,LONG,1,2,224.0,216.0,112.0,28.0,-54.25,20.7125,100.0,10.75,25.950000000000003,2.0,4.625,False,80.0
C_SD35_CD14.0_MA1,C,35.0,0.0,14.0,117,2025-10-28 09:31:15.878003,2025-10-28 12:30:45.849043,150623,179.5,10671306,10821928,LONG,1,2,224.0,216.0,112.0,28.0,-80.5,6.775,95.80000000000001,8.5,27.750000000000007,1.0,6.625,False,80.0
C_SD35_CD14.0_MA1,C,35.0,0.0,14.0,118,2025-10-28 12:30:45.849043,2025-10-28 12:31:59.608009,6529,1.23,10821928,10828456,SHORT,1,2,224.0,216.0,112.0,28.0,-25.25,5.325,35.7,12.625,28.800000000000022,1.0,4.5,False,80.0
C_SD35_CD14.0_MA1,C,35.0,0.0,14.0,119,2025-10-28 12:31:59.608009,2025-10-28 12:45:23.102072,10967,13.39,10828456,10839422,LONG,1,2,224.0,216.0,112.0,28.0,-10.75,9.05,97.80000000000001,12.625,44.2,1.0,7.875,False,82.0
C_SD35_CD14.0_MA1,C,35.0,0.0,14.0,121,2025-10-29 09:55:27.530008,2025-10-29 16:00:50.686034,331720,365.39,11034423,11366142,LONG,1,2,226.0,218.0,113.0,28.25,-258.75,4.6375,44.800000000000004,12.875,22.000000000000004,1.0,4.375,False,80.0
C_SD35_CD14.0_MA1,C,35.0,0.0,14.0,122,2025-10-29 16:00:50.686034,2025-10-29 16:01:00.314018,595,0.16,11366142,11366736,SHORT,1,2,232.0,224.0,116.0,29.0,-13.75,12.8875,35.2,15.375,24.225000000000023,1.0,11.0,False,78.0
C_SD35_CD14.0_MA1,C,35.0,0.0,14.0,123,2025-10-29 16:01:00.314018,2025-10-29 16:01:04.674008,112,0.07,11366736,11366847,LONG,1,2,259.0,251.0,129.5,32.375,-2.25,17.6,83.2,16.125,24.225000000000023,1.0,14.25,False,77.0
C_SD35_CD14.0_MA1,C,35.0,0.0,14.0,124,2025-10-29 16:01:04.674008,2025-10-29 16:02:55.820011,2905,1.85,11366847,11369751,SHORT,1,2,225.0,217.0,112.5,28.125,-47.375,17.6,83.2,16.125,24.225000000000023,1.0,14.25,False,79.0
C_SD35_CD14.0_MA1,C,35.0,0.0,14.0,125,2025-10-29 16:02:55.820011,2025-10-29 16:03:14.587001,1568,0.31,11369751,11371318,LONG,1,2,217.0,209.0,108.5,27.125,-63.625,27.7,100.0,21.125,40.62500000000002,1.0,26.125,False,83.0
C_SD35_CD14.0_MA1,C,35.0,0.0,14.0,126,2025-10-29 16:03:14.587001,2025-10-29 16:03:30.073013,732,0.26,11371318,11372049,SHORT,1,2,261.0,253.0,130.5,32.625,-21.75,32.6,100.0,22.25,55.25,1.0,29.625,False,83.0
C_SD35_CD14.0_MA1,C,35.0,0.0,14.0,127,2025-10-29 16:03:30.073013,2025-10-29 16:04:42.735000,2542,1.21,11372049,11374590,LONG,1,2,221.0,213.0,110.5,27.625,-48.125,34.1375,100.0,22.25,55.25,1.0,33.5,False,75.0
C_SD35_CD14.0_MA1,C,35.0,0.0,14.0,128,2025-10-29 16:04:42.735000,2025-10-29 16:05:12.110006,1477,0.49,11374590,11376066,SHORT,1,2,226.0,218.0,113.0,28.25,-22.5,35.55,100.0,22.625,58.40000000000005,1.0,32.875,False,80.0
C_SD35_CD14.0_MA1,C,35.0,0.0,14.0,130,2025-10-30 09:30:21.830002,2025-10-30 09:33:28.239001,9522,3.11,11388958,11398479,SHORT,1,2,224.0,216.0,112.0,28.0,-13.5,17.3625,79.2,46.0,90.525,1.0,10.375,False,80.0
C_SD35_CD14.0_MA1,C,35.0,0.0,14.0,131,2025-10-30 09:33:28.239001,2025-10-30 09:50:17.673000,49707,16.82,11398479,11448185,LONG,1,2,226.0,218.0,113.0,28.25,-120.0,10.4875,25.400000000000002,10.375,18.700000000000014,1.0,11.5,False,84.0
C_SD35_CD14.0_MA1,C,35.0,0.0,14.0,132,2025-10-30 09:50:17.673000,2025-10-30 10:17:05.105000,52805,26.79,11448185,11500989,SHORT,1,2,224.0,216.0,112.0,28.0,-92.0,9.325,36.300000000000004,16.125,36.325,1.0,8.375,False,80.0
C_SD35_CD14.0_MA1,C,35.0,0.0,14.0,133,2025-10-30 10:17:05.105000,2025-10-30 10:43:28.857007,36626,26.4,11500989,11537614,LONG,1,2,224.0,216.0,112.0,28.0,-55.75,11.725,79.2,14.5,42.125000000000014,1.0,11.625,False,80.0
C_SD35_CD14.0_MA1,C,35.0,0.0,14.0,134,2025-10-30 10:43:28.857007,2025-10-30 10:45:58.660017,3796,2.5,11537614,11541409,SHORT,1,2,224.0,216.0,112.0,28.0,-8.25,9.4,28.1,14.875,29.55000000000001,1.0,8.625,False,80.0
C_SD35_CD14.0_MA1,C,35.0,0.0,14.0,135,2025-10-30 10:45:58.660017,2025-10-30 12:13:32.512000,84614,87.56,11541409,11626022,LONG,1,2,223.0,215.0,111.5,27.875,-97.375,7.8125,3.8000000000000003,16.125,36.975,1.0,7.375,False,79.0
C_SD35_CD14.0_MA1,C,35.0,0.0,14.0,136,2025-10-30 12:13:32.512000,2025-10-30 12:34:56.168000,17151,21.39,11626022,11643172,SHORT,1,2,224.0,216.0,112.0,28.0,-11.5,5.5375,0.0,15.375,35.325,1.0,5.5,False,80.0
C_SD35_CD14.0_MA1,C,35.0,0.0,14.0,138,2025-10-31 09:31:30.836000,2025-10-31 09:41:39.255004,19991,10.14,11823935,11843925,SHORT,1,2,224.0,216.0,112.0,28.0,-20.0,6.625,17.400000000000002,14.75,23.625000000000007,1.0,6.75,False,82.0
C_SD35_CD14.0_MA1,C,35.0,0.0,14.0,139,2025-10-31 09:41:39.255004,2025-10-31 10:42:15.720049,87219,60.61,11843925,11931143,LONG,1,2,224.0,216.0,112.0,28.0,-69.25,6.6625,17.8,11.5,22.525,1.0,6.375,False,80.0
C_SD35_CD14.0_MA1,C,35.0,0.0,14.0,140,2025-10-31 10:42:15.720049,2025-10-31 11:30:31.868042,39497,48.27,11931143,11970639,SHORT,1,2,224.0,216.0,112.0,28.0,-25.5,6.1375,1.4000000000000001,8.625,22.0,1.0,6.0,False,80.0
C_SD35_CD14.0_MA1,C,35.0,0.0,14.0,142,2025-11-03 09:36:34.005000,2025-11-03 09:41:25.048000,9403,4.85,12285557,12294959,SHORT,1,2,224.0,216.0,112.0,28.0,-10.5,6.3875,47.300000000000004,12.125,26.32500000000001,1.0,6.0,False,80.0
C_SD35_CD14.0_MA1,C,35.0,0.0,14.0,144,2025-11-04 09:30:20.067000,2025-11-04 09:33:59.412000,13499,3.66,12611014,12624512,SHORT,1,2,224.0,216.0,112.0,28.0,-49.5,27.9375,98.0,11.75,32.37500000000002,1.0,9.0,False,80.0
C_SD35_CD14.0_MA1,C,35.0,0.0,14.0,145,2025-11-04 09:33:59.412000,2025-11-04 09:36:50.687000,9245,2.85,12624512,12633756,LONG,1,2,224.0,216.0,112.0,28.0,-15.0,6.6625,59.7,13.625,45.80000000000001,1.0,7.125,False,82.0
C_SD35_CD14.0_MA1,C,35.0,0.0,14.0,146,2025-11-04 09:36:50.687000,2025-11-04 12:19:11.704042,204791,162.35,12633756,12838546,SHORT,1,2,223.0,215.0,111.5,27.875,-193.625,8.2875,84.9,13.625,26.900000000000006,1.0,8.25,False,81.0
C_SD35_CD14.0_MA1,C,35.0,0.0,14.0,147,2025-11-04 12:19:11.704042,2025-11-04 12:25:21.275006,11339,6.16,12838546,12849884,LONG,1,2,224.0,216.0,112.0,28.0,-29.75,7.2375,26.400000000000002,11.5,27.950000000000006,1.0,6.75,False,80.0
C_SD35_CD14.0_MA1,C,35.0,0.0,14.0,148,2025-11-04 12:25:21.275006,2025-11-04 12:40:25.806034,14379,15.08,12849884,12864262,SHORT,1,2,224.0,216.0,112.0,28.0,-26.75,7.8125,62.900000000000006,11.5,33.700000000000024,1.0,7.375,False,82.0
C_SD35_CD14.0_MA1,C,35.0,0.0,14.0,149,2025-11-04 12:40:25.806034,2025-11-04 12:48:07.038000,7082,7.69,12864262,12871343,LONG,1,2,224.0,216.0,112.0,28.0,-10.25,8.1125,79.9,11.5,34.60000000000002,1.0,8.375,False,80.0
C_SD35_CD14.0_MA1,C,35.0,0.0,14.0,150,2025-11-04 12:48:07.038000,2025-11-04 12:55:23.338000,7310,7.27,12871343,12878652,SHORT,1,2,226.0,218.0,113.0,28.25,-28.25,7.95,68.7,9.5,23.875000000000007,1.0,7.625,False,80.0
C_SD35_CD14.0_MA1,C,35.0,0.0,14.0,153,2025-11-06 09:31:07.012000,2025-11-06 09:41:20.799001,25752,10.23,13452486,13478237,SHORT,1,2,224.0,216.0,112.0,28.0,-35.0,10.175,96.9,15.5,29.975000000000016,1.0,9.0,False,80.0
C_SD35_CD14.0_MA1,C,35.0,0.0,14.0,154,2025-11-06 09:41:20.799001,2025-11-06 09:45:36.062000,9801,4.25,13478237,13488037,LONG,1,2,224.0,216.0,112.0,28.0,-18.0,7.875,79.4,19.375,35.97500000000001,1.0,7.125,False,80.0
C_SD35_CD14.0_MA1,C,35.0,0.0,14.0,155,2025-11-06 09:45:36.062000,2025-11-06 09:50:33.001000,11339,4.95,13488037,13499375,SHORT,1,2,224.0,216.0,112.0,28.0,-34.25,8.3,84.2,15.25,28.97500000000001,1.0,8.5,False,80.0
C_SD35_CD14.0_MA1,C,35.0,0.0,14.0,157,2025-11-07 09:30:28.631001,2025-11-07 09:35:32.091000,13965,5.06,14020911,14034875,SHORT,1,2,224.0,216.0,112.0,28.0,-20.75,18.625,100.0,13.625,28.850000000000005,1.0,9.625,False,80.0
C_SD35_CD14.0_MA1,C,35.0,0.0,14.0,158,2025-11-07 09:35:32.091000,2025-11-07 14:41:10.797000,403429,305.65,14034875,14438303,LONG,1,2,228.0,220.0,114.0,28.5,-331.25,9.95,85.0,17.5,39.500000000000014,1.0,9.5,False,80.0
C_SD35_CD14.0_MA1,C,35.0,0.0,14.0,159,2025-11-07 14:41:10.797000,2025-11-07 15:21:24.032049,45852,40.22,14438303,14484154,SHORT,1,2,224.0,216.0,112.0,28.0,-58.75,5.85,0.6000000000000001,13.375,21.55000000000003,1.0,5.5,False,80.0
C_SD35_CD14.0_MA1,C,35.0,0.0,14.0,160,2025-11-07 15:21:24.032049,2025-11-07 15:29:08.292000,8221,7.74,14484154,14492374,LONG,1,2,223.0,215.0,111.5,27.875,-24.625,9.95,81.30000000000001,17.625,44.350000000000016,1.0,9.625,False,79.0
C_SD35_CD14.0_MA1,C,35.0,0.0,14.0,162,2025-11-10 09:31:02.852000,2025-11-10 09:38:54.904004,20377,7.87,14554151,14574527,LONG,1,2,224.0,216.0,112.0,28.0,-13.0,7.05,21.900000000000002,10.25,22.67500000000001,1.0,7.0,False,80.0
C_SD35_CD14.0_MA1,C,35.0,0.0,14.0,163,2025-11-10 09:38:54.904004,2025-11-10 10:51:05.862000,104463,72.18,14574527,14678989,SHORT,1,2,224.0,216.0,112.0,28.0,-64.75,7.25,28.900000000000002,12.75,28.975,1.0,6.75,False,80.0
C_SD35_CD14.0_MA1,C,35.0,0.0,14.0,164,2025-11-10 10:51:05.862000,2025-11-10 12:42:14.418003,140124,111.14,14678989,14819112,LONG,1,2,224.0,216.0,112.0,28.0,-121.75,5.6375,13.200000000000001,9.375,22.825000000000003,1.0,5.5,False,80.0
C_SD35_CD14.0_MA1,C,35.0,0.0,14.0,166,2025-11-11 09:37:05.439018,2025-11-11 13:52:25.247000,275855,255.33,15006857,15282711,LONG,1,2,224.0,216.0,112.0,28.0,-161.5,7.325,92.80000000000001,10.5,28.350000000000005,1.0,7.0,False,80.0
C_SD35_CD14.0_MA1,C,35.0,0.0,14.0,167,2025-11-11 13:52:25.247000,2025-11-11 14:07:36.934135,11761,15.19,15282711,15294471,SHORT,1,2,224.0,216.0,112.0,28.0,-21.25,6.375,35.1,9.625,23.400000000000023,1.0,6.0,False,80.0
C_SD35_CD14.0_MA1,C,35.0,0.0,14.0,168,2025-11-11 14:07:36.934135,2025-11-11 14:16:20.201000,5657,8.72,15294471,15300127,LONG,1,2,224.0,216.0,112.0,28.0,-4.5,7.2,63.2,12.75,38.025,1.0,6.75,False,80.0
C_SD35_CD14.0_MA1,C,35.0,0.0,14.0,169,2025-11-11 14:16:20.201000,2025-11-11 15:57:15.801000,54746,100.93,15300127,15354872,SHORT,1,2,224.0,216.0,112.0,28.0,-20.5,7.1375,57.1,13.375,31.25000000000001,1.0,6.625,False,80.0
C_SD35_CD14.0_MA1,C,35.0,0.0,14.0,170,2025-11-11 15:57:15.801000,2025-11-11 16:12:43.706005,17024,15.47,15354872,15371895,LONG,1,2,224.0,216.0,112.0,28.0,-20.25,6.15,36.9,12.375,23.325000000000003,1.0,5.75,False,80.0
C_SD35_CD14.0_MA1,C,35.0,0.0,14.0,172,2025-11-12 09:30:46.050001,2025-11-12 09:31:36.461004,4202,0.84,15376188,15380389,SHORT,1,2,224.0,216.0,112.0,28.0,-0.75,11.7,98.2,12.75,31.17500000000001,1.0,6.75,False,80.0
C_SD35_CD14.0_MA1,C,35.0,0.0,14.0,174,2025-11-13 09:31:13.684000,2025-11-13 09:35:21.402000,12518,4.13,15844471,15856988,SHORT,1,2,224.0,216.0,112.0,28.0,-34.75,10.125,96.0,10.5,33.125000000000014,1.0,9.125,False,80.0
C_SD35_CD14.0_MA1,C,35.0,0.0,14.0,175,2025-11-13 09:35:21.402000,2025-11-13 10:09:53.224000,84622,34.53,15856988,15941609,LONG,1,2,224.0,216.0,112.0,28.0,-126.75,9.175,85.80000000000001,14.875,30.325000000000024,1.0,7.75,False,80.0
C_SD35_CD14.0_MA1,C,35.0,0.0,14.0,176,2025-11-13 10:09:53.224000,2025-11-13 10:21:41.665003,24968,11.81,15941609,15966576,SHORT,1,2,224.0,216.0,112.0,28.0,-61.75,8.475,37.2,10.625,30.85,1.0,7.75,False,80.0
C_SD35_CD14.0_MA1,C,35.0,0.0,14.0,178,2025-11-14 09:30:29.783000,2025-11-14 09:37:04.479000,27642,6.58,16413844,16441485,LONG,1,2,224.0,216.0,112.0,28.0,-132.5,31.75,99.80000000000001,13.5,35.300000000000026,1.0,10.5,False,82.0
C_SD35_CD14.0_MA1,C,35.0,0.0,14.0,180,2025-11-17 09:30:36.923000,2025-11-17 13:55:33.547000,369169,264.94,17010169,17379337,SHORT,1,2,224.0,216.0,112.0,28.0,-291.5,15.5375,96.80000000000001,15.0,30.150000000000002,1.0,8.125,False,80.0
C_SD35_CD14.0_MA1,C,35.0,0.0,14.0,182,2025-11-18 09:30:31.445000,2025-11-18 09:32:41.709003,12633,2.17,17553816,17566448,LONG,1,2,224.0,216.0,112.0,28.0,-88.75,20.4,100.0,13.25,27.40000000000001,1.0,10.25,False,80.0
C_SD35_CD14.0_MA1,C,35.0,0.0,14.0,183,2025-11-18 09:32:41.709003,2025-11-18 09:34:29.740020,9390,1.8,17566448,17575837,SHORT,1,2,224.0,216.0,112.0,28.0,-43.75,11.425,93.4,13.625,79.17500000000005,1.0,11.0,False,84.0
C_SD35_CD14.0_MA1,C,35.0,0.0,14.0,184,2025-11-18 09:34:29.740020,2025-11-18 13:13:14.595158,403994,218.75,17575837,17979830,LONG,1,2,224.0,216.0,112.0,28.0,-384.0,10.5625,77.4,15.75,79.17500000000005,1.0,10.625,False,80.0
C_SD35_CD14.0_MA1,C,35.0,0.0,14.0,185,2025-11-18 13:13:14.595158,2025-11-18 13:14:40.010011,1351,1.42,17979830,17981180,SHORT,1,2,224.0,216.0,112.0,28.0,-4.0,13.5375,67.7,16.375,27.500000000000004,1.0,12.375,False,80.0
C_SD35_CD14.0_MA1,C,35.0,0.0,14.0,186,2025-11-18 13:14:40.010011,2025-11-18 13:40:43.244052,23626,26.05,17981180,18004805,LONG,1,2,224.0,216.0,112.0,28.0,-46.5,14.225,85.2,15.875,26.550000000000004,1.0,14.25,False,80.0
C_SD35_CD14.0_MA1,C,35.0,0.0,14.0,187,2025-11-18 13:40:43.244052,2025-11-18 13:43:06.989000,3031,2.4,18004805,18007835,SHORT,1,2,226.0,218.0,113.0,28.25,-15.25,13.9375,74.7,14.25,35.875000000000014,1.0,13.5,False,80.0
C_SD35_CD14.0_MA1,C,35.0,0.0,14.0,188,2025-11-18 13:43:06.989000,2025-11-18 13:51:52.260002,7422,8.75,18007835,18015256,LONG,1,2,222.0,214.0,111.0,27.75,-23.5,13.0875,36.2,15.75,33.875,1.0,12.625,False,78.0
C_SD35_CD14.0_MA1,C,35.0,0.0,14.0,189,2025-11-18 13:51:52.260002,2025-11-18 13:55:22.007000,3501,3.5,18015256,18018756,SHORT,1,2,224.0,216.0,112.0,28.0,-16.5,14.1375,81.5,16.5,35.175000000000004,1.0,13.75,False,80.0
C_SD35_CD14.0_MA1,C,35.0,0.0,14.0,190,2025-11-18 13:55:22.007000,2025-11-18 14:39:34.081000,39314,44.2,18018756,18058069,LONG,1,2,224.0,216.0,112.0,28.0,-74.0,11.9875,10.8,20.375,37.2,1.0,12.5,False,80.0
C_SD35_CD14.0_MA1,C,35.0,0.0,14.0,191,2025-11-18 14:39:34.081000,2025-11-18 14:44:25.044000,5746,4.85,18058069,18063814,SHORT,1,2,226.0,218.0,113.0,28.25,-22.25,11.8875,15.5,25.75,38.95000000000002,1.0,12.125,False,84.0
C_SD35_CD14.0_MA1,C,35.0,0.0,14.0,192,2025-11-18 14:44:25.044000,2025-11-18 14:47:15.131007,3199,2.83,18063814,18067012,LONG,1,2,223.0,215.0,111.5,27.875,-26.75,11.775,18.400000000000002,25.75,51.575000000000024,1.0,10.75,False,79.0
C_SD35_CD14.0_MA1,C,35.0,0.0,14.0,193,2025-11-18 14:47:15.131007,2025-11-18 14:50:15.036002,2710,3.0,18067012,18069721,SHORT,1,2,224.0,216.0,112.0,28.0,-15.25,13.05,46.5,24.375,50.45000000000003,1.0,11.375,False,80.0
C_SD35_CD14.0_MA1,C,35.0,0.0,14.0,194,2025-11-18 14:50:15.036002,2025-11-18 15:00:28.870000,10077,10.23,18069721,18079797,LONG,1,2,222.0,214.0,111.0,27.75,-53.0,14.425,95.2,26.75,51.575000000000024,1.0,13.5,False,78.0
C_SD35_CD14.0_MA1,C,35.0,0.0,14.0,195,2025-11-18 15:00:28.870000,2025-11-18 15:02:35.267000,2396,2.11,18079797,18082192,SHORT,1,2,226.0,218.0,113.0,28.25,-8.0,12.0625,24.3,23.125,48.05,1.0,11.125,False,80.0
C_SD35_CD14.0_MA1,C,35.0,0.0,14.0,197,2025-11-19 09:32:10.089000,2025-11-19 12:36:14.867000,321281,184.08,18174839,18496119,SHORT,1,2,224.0,216.0,112.0,28.0,-412.0,12.8,85.2,17.0,33.000000000000014,1.0,12.625,False,80.0
C_SD35_CD14.0_MA1,C,35.0,0.0,14.0,198,2025-11-19 12:36:14.867000,2025-11-19 12:41:52.029000,8717,5.62,18496119,18504835,LONG,1,2,224.0,216.0,112.0,28.0,-34.0,10.0125,29.0,19.25,37.95,1.0,9.375,False,84.0
C_SD35_CD14.0_MA1,C,35.0,0.0,14.0,200,2025-11-20 09:30:03.528028,2025-11-20 09:56:18.756001,64053,26.25,18711620,18775672,LONG,1,2,224.0,216.0,112.0,28.0,-100.5,39.0875,99.2,16.5,42.52500000000001,2.0,14.125,False,80.0
C_SD35_CD14.0_MA1,C,35.0,0.0,14.0,201,2025-11-20 09:56:18.756001,2025-11-20 10:05:28.026064,18376,9.15,18775672,18794047,SHORT,1,2,224.0,216.0,112.0,28.0,-25.25,11.1375,45.2,16.5,29.85000000000002,1.0,10.125,False,80.0
C_SD35_CD14.0_MA1,C,35.0,0.0,14.0,202,2025-11-20 10:05:28.026064,2025-11-20 10:36:14.268000,50321,30.77,18794047,18844367,LONG,1,2,224.0,216.0,112.0,28.0,-89.75,10.9625,40.2,16.875,34.35000000000001,1.0,11.25,False,80.0
C_SD35_CD14.0_MA1,C,35.0,0.0,14.0,203,2025-11-20 10:36:14.268000,2025-11-20 10:48:16.011093,18076,12.03,18844367,18862442,SHORT,1,2,224.0,216.0,112.0,28.0,-31.25,10.0875,12.600000000000001,10.625,25.975,1.0,9.625,False,80.0
C_SD35_CD14.0_MA1,C,35.0,0.0,14.0,205,2025-11-21 09:30:23.918000,2025-11-21 09:30:38.605000,1862,0.24,19464336,19466197,LONG,1,2,223.0,215.0,111.5,27.875,-8.25,13.9625,64.2,19.625,39.35,1.0,10.0,False,85.0
C_SD35_CD14.0_MA1,C,35.0,0.0,14.0,206,2025-11-21 09:30:38.605000,2025-11-21 09:31:19.930000,3683,0.69,19466197,19469879,SHORT,1,2,223.0,215.0,111.5,27.875,-5.75,11.0875,29.0,22.125,41.55000000000002,2.0,10.75,False,81.0
C_SD35_CD14.0_MA1,C,35.0,0.0,14.0,207,2025-11-21 09:31:19.930000,2025-11-21 09:54:26.572000,66523,23.11,19469879,19536401,LONG,1,2,222.0,214.0,111.0,27.75,-144.25,12.4875,52.1,23.875,40.65000000000002,1.0,10.0,False,80.0
C_SD35_CD14.0_MA1,C,35.0,0.0,14.0,208,2025-11-21 09:54:26.572000,2025-11-21 09:56:04.998005,3854,1.64,19536401,19540254,SHORT,1,2,224.0,216.0,112.0,28.0,-24.5,15.7875,81.30000000000001,30.25,53.80000000000001,1.0,16.125,False,80.0
C_SD35_CD14.0_MA1,C,35.0,0.0,14.0,209,2025-11-21 09:56:04.998005,2025-11-21 11:52:39.510004,219597,116.58,19540254,19759850,LONG,1,2,223.0,215.0,111.5,27.875,-311.25,13.6875,47.400000000000006,24.0,49.62500000000001,1.0,12.25,False,79.0
C_SD35_CD14.0_MA1,C,35.0,0.0,14.0,210,2025-11-21 11:52:39.510004,2025-11-21 13:10:37.174005,89304,77.96,19759850,19849153,SHORT,1,2,223.0,215.0,111.5,27.875,-142.0,12.9375,7.6000000000000005,16.0,37.85000000000001,1.0,13.875,False,79.0
C_SD35_CD14.0_MA1,C,35.0,0.0,14.0,211,2025-11-21 13:10:37.174005,2025-11-21 13:21:41.865000,12773,11.08,19849153,19861925,LONG,1,2,224.0,216.0,112.0,28.0,-42.0,13.5375,74.0,15.875,29.05,1.0,12.0,False,80.0
C_SD35_CD14.0_MA1,C,35.0,0.0,14.0,212,2025-11-21 13:21:41.865000,2025-11-21 13:23:51.145000,2099,2.15,19861925,19864023,SHORT,1,2,222.0,214.0,111.0,27.75,-3.5,11.4625,19.8,15.875,43.60000000000001,1.0,12.25,False,80.0
C_SD35_CD14.0_MA1,C,35.0,0.0,14.0,213,2025-11-21 13:23:51.145000,2025-11-21 13:30:21.170012,4787,6.5,19864023,19868809,LONG,1,2,224.0,216.0,112.0,28.0,-20.0,11.5125,21.900000000000002,15.625,43.60000000000001,1.0,12.0,False,80.0
C_SD35_CD14.0_MA1,C,35.0,0.0,14.0,215,2025-11-24 09:31:01.584000,2025-11-24 09:32:01.745000,3921,1.0,20053460,20057380,LONG,1,2,223.0,215.0,111.5,27.875,-3.125,23.1,100.0,13.875,32.20000000000002,1.0,13.125,False,77.0
C_SD35_CD14.0_MA1,C,35.0,0.0,14.0,217,2025-11-25 09:30:52.003011,2025-11-25 09:41:02.974001,25308,10.18,20473210,20498517,SHORT,1,2,224.0,216.0,112.0,28.0,-56.25,8.6125,94.2,12.125,33.25000000000003,1.0,7.625,False,80.0
C_SD35_CD14.0_MA1,C,35.0,0.0,14.0,218,2025-11-25 09:41:02.974001,2025-11-25 09:59:08.309003,64622,18.09,20498517,20563138,LONG,1,2,224.0,216.0,112.0,28.0,-192.25,7.775,71.60000000000001,14.5,27.20000000000001,1.0,7.375,False,80.0
C_SD35_CD14.0_MA1,C,35.0,0.0,14.0,219,2025-11-25 09:59:08.309003,2025-11-25 10:00:14.810011,2787,1.11,20563138,20565924,SHORT,1,2,226.0,218.0,113.0,28.25,-5.75,9.6625,76.0,13.25,38.60000000000001,1.0,9.625,False,82.0
C_SD35_CD14.0_MA1,C,35.0,0.0,14.0,220,2025-11-25 10:00:14.810011,2025-11-25 10:30:32.438000,67126,30.29,20565924,20633049,LONG,1,2,224.0,216.0,112.0,28.0,-138.5,10.575,91.80000000000001,11.5,38.60000000000001,1.0,9.875,False,82.0
C_SD35_CD14.0_MA1,C,35.0,0.0,14.0,221,2025-11-25 10:30:32.438000,2025-11-25 10:35:04.443004,8174,4.53,20633049,20641222,SHORT,1,2,224.0,216.0,112.0,28.0,-13.0,10.6875,45.300000000000004,23.875,44.625,1.0,10.0,False,82.0
C_SD35_CD14.0_MA1,C,35.0,0.0,14.0,222,2025-11-25 10:35:04.443004,2025-11-25 10:44:25.295038,11465,9.35,20641222,20652686,LONG,1,2,223.0,215.0,111.5,27.875,-24.25,9.4375,32.2,22.875,44.625,1.0,9.25,False,79.0
C_SD35_CD14.0_MA1,C,35.0,0.0,14.0,223,2025-11-25 10:44:25.295038,2025-11-25 10:50:37.304000,13048,6.2,20652686,20665733,SHORT,1,2,226.0,218.0,113.0,28.25,-51.0,12.625,68.0,13.875,26.600000000000005,1.0,13.0,False,80.0
C_SD35_CD14.0_MA1,C,35.0,0.0,14.0,224,2025-11-25 10:50:37.304000,2025-11-25 10:58:06.272001,9526,7.48,20665733,20675258,LONG,1,2,224.0,216.0,112.0,28.0,-25.5,10.15,29.200000000000003,14.125,27.10000000000006,1.0,9.125,False,82.0
C_SD35_CD14.0_MA1,C,35.0,0.0,14.0,225,2025-11-25 10:58:06.272001,2025-11-25 11:02:36.106000,4976,4.5,20675258,20680233,SHORT,1,2,223.0,215.0,111.5,27.875,-17.75,13.4375,75.9,14.875,43.07500000000003,1.0,12.75,False,79.0
C_SD35_CD14.0_MA1,C,35.0,0.0,14.0,226,2025-11-25 11:02:36.106000,2025-11-25 11:04:38.891005,2305,2.05,20680233,20682537,LONG,1,2,224.0,216.0,112.0,28.0,-8.75,12.3375,61.2,13.375,30.22500000000001,1.0,11.625,False,80.0
C_SD35_CD14.0_MA1,C,35.0,0.0,14.0,227,2025-11-25 11:04:38.891005,2025-11-25 11:05:36.972000,1108,0.97,20682537,20683644,SHORT,1,2,225.0,217.0,112.5,28.125,-0.5,13.2125,72.2,14.375,27.700000000000003,1.0,12.25,False,79.0
C_SD35_CD14.0_MA1,C,35.0,0.0,14.0,228,2025-11-25 11:05:36.972000,2025-11-25 11:18:56.044001,11306,13.32,20683644,20694949,LONG,1,2,224.0,216.0,112.0,28.0,-20.0,12.7125,65.2,14.375,27.700000000000003,1.0,11.875,False,80.0
C_SD35_CD14.0_MA1,C,35.0,0.0,14.0,230,2025-11-26 09:32:49.446000,2025-11-26 11:04:53.383004,140220,92.07,20933677,21073896,LONG,1,2,224.0,216.0,112.0,28.0,-130.5,10.5125,95.30000000000001,13.375,28.250000000000018,1.0,10.5,False,80.0
C_SD35_CD14.0_MA1,C,35.0,0.0,14.0,232,2025-11-28 09:34:29.119004,2025-11-28 11:07:03.369018,42023,92.57,21318454,21360476,LONG,1,2,224.0,216.0,112.0,28.0,-69.0,12.025,100.0,10.25,28.150000000000002,1.0,9.125,False,80.0
C_SD35_CD14.0_MA1,C,35.0,0.0,14.0,233,2025-11-28 11:07:03.369018,2025-11-28 11:26:00.947010,7944,18.96,21360476,21368419,SHORT,1,2,224.0,216.0,112.0,28.0,-8.25,7.45,66.2,12.125,26.375,1.0,6.875,False,80.0
C_SD35_CD14.0_MA1,C,35.0,0.0,14.0,234,2025-11-28 11:26:00.947010,2025-11-28 11:52:52.823000,13337,26.86,21368419,21381755,LONG,1,2,224.0,216.0,112.0,28.0,-25.5,7.0625,58.400000000000006,9.625,19.0,1.0,6.875,False,80.0
C_SD35_CD14.0_MA1,C,35.0,0.0,14.0,236,2025-12-01 09:33:29.804001,2025-12-01 09:48:03.545000,34078,14.56,21443720,21477797,LONG,1,2,224.0,216.0,112.0,28.0,-87.75,10.0625,77.2,11.125,35.60000000000002,1.0,9.25,False,80.0
C_SD35_CD14.0_MA1,C,35.0,0.0,14.0,237,2025-12-01 09:48:03.545000,2025-12-01 09:49:01.492045,2703,0.97,21477797,21480499,SHORT,1,2,224.0,216.0,112.0,28.0,-5.5,7.4,41.300000000000004,15.5,35.025,1.0,7.75,False,80.0
C_SD35_CD14.0_MA1,C,35.0,0.0,14.0,238,2025-12-01 09:49:01.492045,2025-12-01 09:51:00.420000,3248,1.98,21480499,21483746,LONG,1,2,224.0,216.0,112.0,28.0,-4.75,7.9875,59.0,20.75,36.42500000000002,1.0,7.75,False,80.0
C_SD35_CD14.0_MA1,C,35.0,0.0,14.0,239,2025-12-01 09:51:00.420000,2025-12-01 10:34:11.474000,68135,43.18,21483746,21551880,SHORT,1,2,224.0,216.0,112.0,28.0,-71.0,9.775,88.80000000000001,10.25,36.42500000000002,1.0,10.0,False,80.0
C_SD35_CD14.0_MA1,C,35.0,0.0,14.0,240,2025-12-01 10:34:11.474000,2025-12-01 10:36:36.586037,5360,2.42,21551880,21557239,LONG,1,2,224.0,216.0,112.0,28.0,-22.5,8.7625,23.5,12.125,31.800000000000008,1.0,8.5,False,80.0
C_SD35_CD14.0_MA1,C,35.0,0.0,14.0,242,2025-12-02 09:35:03.725008,2025-12-02 09:36:22.491001,4615,1.31,21843884,21848498,LONG,1,2,224.0,216.0,112.0,28.0,-2.75,6.7,55.400000000000006,10.125,24.475,1.0,6.75,False,80.0
C_SD35_CD14.0_MA1,C,35.0,0.0,14.0,243,2025-12-02 09:36:22.491001,2025-12-02 11:14:17.255000,163828,97.91,21848498,22012325,SHORT,1,2,224.0,216.0,112.0,28.0,-114.25,6.05,27.6,9.625,27.575000000000017,1.0,6.125,False,80.0
C_SD35_CD14.0_MA1,C,35.0,0.0,14.0,244,2025-12-02 11:14:17.255000,2025-12-02 12:16:23.670000,84869,62.11,22012325,22097193,LONG,1,2,224.0,216.0,112.0,28.0,-120.25,7.0625,35.0,11.5,26.050000000000004,1.0,7.0,False,80.0
C_SD35_CD14.0_MA1,C,35.0,0.0,14.0,245,2025-12-02 12:16:23.670000,2025-12-02 12:57:00.034007,34115,40.61,22097193,22131307,SHORT,1,2,224.0,216.0,112.0,28.0,-59.5,7.2375,17.7,15.5,30.000000000000004,1.0,7.375,False,80.0
C_SD35_CD14.0_MA1,C,35.0,0.0,14.0,246,2025-12-02 12:57:00.034007,2025-12-02 13:06:20.057000,10470,9.33,22131307,22141776,LONG,1,2,223.0,215.0,111.5,27.875,-31.25,7.325,34.9,14.375,31.000000000000007,1.0,7.25,False,79.0
C_SD35_CD14.0_MA1,C,35.0,0.0,14.0,249,2025-12-04 09:30:38.337000,2025-12-04 09:32:06.024002,5437,1.46,22608474,22613910,SHORT,1,2,224.0,216.0,112.0,28.0,-8.5,9.8125,99.80000000000001,8.375,20.350000000000016,1.0,7.25,False,80.0
C_SD35_CD14.0_MA1,C,35.0,0.0,14.0,251,2025-12-05 09:30:23.887000,2025-12-05 09:31:13.587002,4864,0.83,23004802,23009665,LONG,1,2,224.0,216.0,112.0,28.0,-2.25,8.2,96.60000000000001,10.375,28.550000000000015,1.0,5.875,False,80.0
C_SD35_CD14.0_MA1,C,35.0,0.0,14.0,252,2025-12-05 09:31:13.587002,2025-12-05 09:40:35.092066,21060,9.36,23009665,23030724,SHORT,1,2,224.0,216.0,112.0,28.0,-27.25,6.5375,68.2,10.375,40.275000000000034,1.0,5.75,False,80.0
C_SD35_CD14.0_MA1,C,35.0,0.0,14.0,253,2025-12-05 09:40:35.092066,2025-12-05 09:49:59.690005,15959,9.41,23030724,23046682,LONG,1,2,224.0,216.0,112.0,28.0,-41.5,9.0375,99.80000000000001,9.0,22.05000000000001,1.0,9.0,False,80.0
C_SD35_CD14.0_MA1,C,35.0,0.0,14.0,254,2025-12-05 09:49:59.690005,2025-12-05 11:11:00.493005,114752,81.01,23046682,23161433,SHORT,1,2,224.0,216.0,112.0,28.0,-118.0,9.7125,90.4,15.125,33.900000000000006,1.0,8.5,False,80.0
C_SD35_CD14.0_MA1,C,35.0,0.0,14.0,255,2025-12-05 11:11:00.493005,2025-12-05 11:57:17.238002,58845,46.28,23161433,23220277,LONG,1,2,224.0,216.0,112.0,28.0,-70.75,8.675,82.5,13.625,31.25,1.0,8.25,False,80.0
C_SD35_CD14.0_MA1,C,35.0,0.0,14.0,256,2025-12-05 11:57:17.238002,2025-12-05 12:01:26.040001,5814,4.15,23220277,23226090,SHORT,1,2,224.0,216.0,112.0,28.0,-11.5,5.125,0.0,17.875,28.32500000000001,1.0,5.125,False,80.0
C_SD35_CD14.0_MA1,C,35.0,0.0,14.0,257,2025-12-05 12:01:26.040001,2025-12-05 13:30:20.418000,56879,88.91,23226090,23282968,LONG,1,2,224.0,216.0,112.0,28.0,-57.25,6.8625,44.2,17.875,28.500000000000014,1.0,6.5,False,80.0
C_SD35_CD14.0_MA1,C,35.0,0.0,14.0,258,2025-12-05 13:30:20.418000,2025-12-05 14:01:27.251005,17060,31.11,23282968,23300027,SHORT,1,2,224.0,216.0,112.0,28.0,-8.5,5.2625,5.6000000000000005,13.125,27.950000000000003,1.0,4.875,False,82.0
C_SD35_CD14.0_MA1,C,35.0,0.0,14.0,262,2025-12-10 09:32:40.142002,2025-12-10 09:36:02.822000,7962,3.38,24047684,24055645,SHORT,1,2,224.0,216.0,112.0,28.0,-24.0,8.5875,97.4,15.25,23.200000000000006,1.0,8.25,False,80.0
C_SD35_CD14.0_MA1,C,35.0,0.0,14.0,263,2025-12-10 09:36:02.822000,2025-12-10 09:37:50.773000,5407,1.8,24055645,24061051,LONG,1,2,224.0,216.0,112.0,28.0,-10.25,7.4375,87.4,14.75,27.475,1.0,7.125,False,80.0
C_SD35_CD14.0_MA1,C,35.0,0.0,14.0,264,2025-12-10 09:37:50.773000,2025-12-10 10:37:00.436000,71854,59.16,24061051,24132904,SHORT,1,2,224.0,216.0,112.0,28.0,-60.0,7.5875,87.80000000000001,14.125,30.67500000000002,1.0,7.5,False,80.0
C_SD35_CD14.0_MA1,C,35.0,0.0,14.0,265,2025-12-10 10:37:00.436000,2025-12-10 10:48:59.462000,14391,11.98,24132904,24147294,LONG,1,2,224.0,216.0,112.0,28.0,-13.0,6.6875,27.6,13.875,28.675000000000004,1.0,6.0,False,80.0
C_SD35_CD14.0_MA1,C,35.0,0.0,14.0,266,2025-12-10 10:48:59.462000,2025-12-10 10:54:36.903004,7428,5.62,24147294,24154721,SHORT,1,2,224.0,216.0,112.0,28.0,-14.75,6.725,23.6,11.625,28.400000000000002,1.0,6.5,False,80.0
C_SD35_CD14.0_MA1,C,35.0,0.0,14.0,267,2025-12-10 10:54:36.903004,2025-12-10 11:15:00.011000,26376,20.39,24154721,24181096,LONG,1,2,223.0,215.0,111.5,27.875,-48.5,7.25,35.800000000000004,11.625,35.55,1.0,7.25,False,79.0
C_SD35_CD14.0_MA1,C,35.0,0.0,14.0,269,2025-12-11 09:30:38.602000,2025-12-11 09:34:40.697000,14841,4.03,24470559,24485399,SHORT,1,2,223.0,215.0,111.5,27.875,-17.625,16.175,99.0,15.0,29.950000000000028,1.0,8.25,False,79.0
C_SD35_CD14.0_MA1,C,35.0,0.0,14.0,270,2025-12-11 09:34:40.697000,2025-12-11 09:35:59.572000,4991,1.31,24485399,24490389,LONG,1,2,226.0,218.0,113.0,28.25,-10.0,9.0875,59.400000000000006,18.25,43.22500000000001,1.0,8.5,False,80.0
C_SD35_CD14.0_MA1,C,35.0,0.0,14.0,271,2025-12-11 09:35:59.572000,2025-12-11 09:40:05.221000,10978,4.09,24490389,24501366,SHORT,1,2,228.0,220.0,114.0,28.5,-29.0,7.425,22.0,18.25,32.37500000000001,1.0,7.25,False,80.0
C_SD35_CD14.0_MA1,C,35.0,0.0,14.0,272,2025-12-11 09:40:05.221000,2025-12-11 10:22:05.426003,107069,42.0,24501366,24608434,LONG,1,2,224.0,216.0,112.0,28.0,-190.0,9.2375,72.5,15.0,32.500000000000014,1.0,9.5,False,80.0
C_SD35_CD14.0_MA1,C,35.0,0.0,14.0,273,2025-12-11 10:22:05.426003,2025-12-11 10:32:03.336000,15727,9.97,24608434,24624160,SHORT,1,2,224.0,216.0,112.0,28.0,-21.0,6.4125,2.0,10.375,26.375,1.0,5.875,False,80.0
C_SD35_CD14.0_MA1,C,35.0,0.0,14.0,274,2025-12-11 10:32:03.336000,2025-12-11 12:23:15.837000,135980,111.21,24624160,24760139,LONG,1,2,224.0,216.0,112.0,28.0,-124.75,8.225,65.4,16.5,25.82500000000001,1.0,7.5,False,80.0
