step_dist	max_levels	max_total_position	source_id	cycle_pf	n_cycles	win_rate	total_pnl_ticks	max_drawdown_ticks	sharpe	worst_cycle_dd	max_level_exposure_pct	tail_ratio	calmar_ratio	sortino_ratio	winning_session_pct	max_dd_duration_bars	bars_processed
1.0	1	1	bar_data_250tick_rot	0.0	389271	0.0	-1678019.0	1678034.0	-0.4863	2138.0	0.0	3.9443	-1.0	-0.4863	0.0	450355	61085
1.0	1	2	bar_data_250tick_rot	0.0	389271	0.0	-2474841.0	2474856.0	-0.3678	4272.0	0.0	2.673	-1.0	-0.3678	0.0	450355	61085
1.0	1	4	bar_data_250tick_rot	0.0	389271	0.0	-3698485.0	3698500.0	-0.2926	8532.0	10.57	1.7895	-1.0	-0.2926	0.0	450355	61085
1.0	1	8	bar_data_250tick_rot	0.0	389271	0.0	-5556925.0	5556940.0	-0.2379	17036.0	2.24	1.1905	-1.0	-0.2379	0.0	450355	61085
1.0	1	16	bar_data_250tick_rot	0.0	389271	0.0	-8359037.0	8359052.0	-0.1945	34012.0	2.24	0.7918	-1.0	-0.1945	0.0	450355	61085
1.0	1	0	bar_data_250tick_rot	0.0	389271	0.0	-19484883.0	19484898.0	-0.0101	3035614.0	2.24	0.3397	-1.0	-0.0101	0.0	450355	61085
1.0	2	2	bar_data_250tick_rot	0.0	389271	0.0	-2474841.0	2474856.0	-0.3678	4272.0	0.0	2.673	-1.0	-0.3678	0.0	450355	61085
1.0	2	4	bar_data_250tick_rot	0.0	389271	0.0	-3698485.0	3698500.0	-0.2926	8532.0	0.0	1.7895	-1.0	-0.2926	0.0	450355	61085
1.0	2	8	bar_data_250tick_rot	0.0	389271	0.0	-5556925.0	5556940.0	-0.2379	17036.0	8.33	1.1905	-1.0	-0.2379	0.0	450355	61085
1.0	2	16	bar_data_250tick_rot	0.0	389271	0.0	-8359037.0	8359052.0	-0.1945	34012.0	1.98	0.7918	-1.0	-0.1945	0.0	450355	61085
1.0	2	0	bar_data_250tick_rot	0.0	389271	0.0	-19484883.0	19484898.0	-0.0101	3035614.0	1.98	0.3397	-1.0	-0.0101	0.0	450355	61085
1.0	3	4	bar_data_250tick_rot	0.0	389271	0.0	-3698485.0	3698500.0	-0.2926	8532.0	0.0	1.7895	-1.0	-0.2926	0.0	450355	61085
1.0	3	8	bar_data_250tick_rot	0.0	389271	0.0	-5556925.0	5556940.0	-0.2379	17036.0	0.0	1.1905	-1.0	-0.2379	0.0	450355	61085
1.0	3	16	bar_data_250tick_rot	0.0	389271	0.0	-8359037.0	8359052.0	-0.1945	34012.0	6.35	0.7918	-1.0	-0.1945	0.0	450355	61085
1.0	3	0	bar_data_250tick_rot	0.0	389271	0.0	-19484883.0	19484898.0	-0.0101	3035614.0	1.62	0.3397	-1.0	-0.0101	0.0	450355	61085
1.0	4	4	bar_data_250tick_rot	0.0	389271	0.0	-3698485.0	3698500.0	-0.2926	8532.0	0.0	1.7895	-1.0	-0.2926	0.0	450355	61085
1.0	4	8	bar_data_250tick_rot	0.0	389271	0.0	-5556925.0	5556940.0	-0.2379	17036.0	0.0	1.1905	-1.0	-0.2379	0.0	450355	61085
1.0	4	16	bar_data_250tick_rot	0.0	389271	0.0	-8359037.0	8359052.0	-0.1945	34012.0	0.0	0.7918	-1.0	-0.1945	0.0	450355	61085
1.0	4	0	bar_data_250tick_rot	0.0	389271	0.0	-19484883.0	19484898.0	-0.0101	3035614.0	4.74	0.3397	-1.0	-0.0101	0.0	450355	61085
1.0	5	4	bar_data_250tick_rot	0.0	389271	0.0	-3698485.0	3698500.0	-0.2926	8532.0	0.0	1.7895	-1.0	-0.2926	0.0	450355	61085
1.0	5	8	bar_data_250tick_rot	0.0	389271	0.0	-5556925.0	5556940.0	-0.2379	17036.0	0.0	1.1905	-1.0	-0.2379	0.0	450355	61085
1.0	5	16	bar_data_250tick_rot	0.0	389271	0.0	-8359037.0	8359052.0	-0.1945	34012.0	0.0	0.7918	-1.0	-0.1945	0.0	450355	61085
1.0	5	0	bar_data_250tick_rot	0.0	389271	0.0	-19484883.0	19484898.0	-0.0101	3035614.0	0.0	0.3397	-1.0	-0.0101	0.0	450355	61085
1.5	1	1	bar_data_250tick_rot	0.0	312861	0.0	-876259.0	876276.0	-0.291	2142.0	0.0	6.0714	-1.0	-0.1562	0.0	373945	61085
1.5	1	2	bar_data_250tick_rot	0.0	312861	0.0	-1458031.0	1458048.0	-0.2611	4278.0	0.0	3.6481	-1.0	-0.1299	0.0	373945	61085
1.5	1	4	bar_data_250tick_rot	0.0	312861	0.0	-2214139.0	2214156.0	-0.2209	8538.0	10.85	2.4011	-1.0	-0.1019	0.0	373945	61085
1.5	1	8	bar_data_250tick_rot	0.0	312861	0.0	-3192115.0	3192132.0	-0.1787	17034.0	3.74	1.6667	-1.0	-0.0778	0.0	373945	61085
1.5	1	16	bar_data_250tick_rot	0.0	312861	0.0	-4471891.0	4471908.0	-0.1395	33978.0	3.74	1.1896	-1.0	-0.0584	0.0	373945	61085
1.5	1	0	bar_data_250tick_rot	0.0	312861	0.0	-9388963.0	9388980.0	-0.0081	2027400.0	3.74	0.5665	-1.0	-0.0032	0.0	373945	61085
1.5	2	2	bar_data_250tick_rot	0.0	312861	0.0	-1458031.0	1458048.0	-0.2611	4278.0	0.0	3.6481	-1.0	-0.1299	0.0	373945	61085
1.5	2	4	bar_data_250tick_rot	0.0	312861	0.0	-2214139.0	2214156.0	-0.2209	8538.0	0.0	2.4011	-1.0	-0.1019	0.0	373945	61085
1.5	2	8	bar_data_250tick_rot	0.0	312861	0.0	-3192115.0	3192132.0	-0.1787	17034.0	7.11	1.6667	-1.0	-0.0778	0.0	373945	61085
1.5	2	16	bar_data_250tick_rot	0.0	312861	0.0	-4471891.0	4471908.0	-0.1395	33978.0	2.61	1.1896	-1.0	-0.0584	0.0	373945	61085
1.5	2	0	bar_data_250tick_rot	0.0	312861	0.0	-9388963.0	9388980.0	-0.0081	2027400.0	2.61	0.5665	-1.0	-0.0032	0.0	373945	61085
1.5	3	4	bar_data_250tick_rot	0.0	312861	0.0	-2214139.0	2214156.0	-0.2209	8538.0	0.0	2.4011	-1.0	-0.1019	0.0	373945	61085
1.5	3	8	bar_data_250tick_rot	0.0	312861	0.0	-3192115.0	3192132.0	-0.1787	17034.0	0.0	1.6667	-1.0	-0.0778	0.0	373945	61085
1.5	3	16	bar_data_250tick_rot	0.0	312861	0.0	-4471891.0	4471908.0	-0.1395	33978.0	4.5	1.1896	-1.0	-0.0584	0.0	373945	61085
1.5	3	0	bar_data_250tick_rot	0.0	312861	0.0	-9388963.0	9388980.0	-0.0081	2027400.0	1.69	0.5665	-1.0	-0.0032	0.0	373945	61085
1.5	4	4	bar_data_250tick_rot	0.0	312861	0.0	-2214139.0	2214156.0	-0.2209	8538.0	0.0	2.4011	-1.0	-0.1019	0.0	373945	61085
1.5	4	8	bar_data_250tick_rot	0.0	312861	0.0	-3192115.0	3192132.0	-0.1787	17034.0	0.0	1.6667	-1.0	-0.0778	0.0	373945	61085
1.5	4	16	bar_data_250tick_rot	0.0	312861	0.0	-4471891.0	4471908.0	-0.1395	33978.0	0.0	1.1896	-1.0	-0.0584	0.0	373945	61085
1.5	4	0	bar_data_250tick_rot	0.0	312861	0.0	-9388963.0	9388980.0	-0.0081	2027400.0	2.82	0.5665	-1.0	-0.0032	0.0	373945	61085
1.5	5	4	bar_data_250tick_rot	0.0	312861	0.0	-2214139.0	2214156.0	-0.2209	8538.0	0.0	2.4011	-1.0	-0.1019	0.0	373945	61085
1.5	5	8	bar_data_250tick_rot	0.0	312861	0.0	-3192115.0	3192132.0	-0.1787	17034.0	0.0	1.6667	-1.0	-0.0778	0.0	373945	61085
1.5	5	16	bar_data_250tick_rot	0.0	312861	0.0	-4471891.0	4471908.0	-0.1395	33978.0	0.0	1.1896	-1.0	-0.0584	0.0	373945	61085
1.5	5	0	bar_data_250tick_rot	0.0	312861	0.0	-9388963.0	9388980.0	-0.0081	2027400.0	0.0	0.5665	-1.0	-0.0032	0.0	373945	61085
2.0	1	1	bar_data_250tick_rot	0.5971	270780	0.8306	-303537.0	303555.0	-0.111	2166.0	0.0	0.1218	-0.9999	-0.0627	0.0	331855	61085
2.0	1	2	bar_data_250tick_rot	0.3947	270780	0.8306	-689917.0	689935.0	-0.1429	4324.0	0.0	0.0805	-1.0	-0.0713	0.0	331855	61085
2.0	1	4	bar_data_250tick_rot	0.2883	270780	0.8306	-1110677.0	1110695.0	-0.1332	8624.0	9.89	0.0588	-1.0	-0.061	0.0	331855	61085
2.0	1	8	bar_data_250tick_rot	0.2211	270780	0.8306	-1584429.0	1584447.0	-0.109	17192.0	4.51	0.0451	-1.0	-0.0474	0.0	331855	61085
2.0	1	16	bar_data_250tick_rot	0.1731	270780	0.8306	-2148237.0	2148255.0	-0.0827	34264.0	4.51	0.0353	-1.0	-0.035	0.0	331855	61085
2.0	1	0	bar_data_250tick_rot	0.0841	270780	0.8306	-4899005.0	4899023.0	-0.006	1551964.0	4.51	0.0172	-1.0	-0.0025	0.0	331855	61085
2.0	2	2	bar_data_250tick_rot	0.3947	270780	0.8306	-689917.0	689935.0	-0.1429	4324.0	0.0	0.0805	-1.0	-0.0713	0.0	331855	61085
2.0	2	4	bar_data_250tick_rot	0.2883	270780	0.8306	-1110677.0	1110695.0	-0.1332	8624.0	0.0	0.0588	-1.0	-0.061	0.0	331855	61085
2.0	2	8	bar_data_250tick_rot	0.2211	270780	0.8306	-1584429.0	1584447.0	-0.109	17192.0	5.37	0.0451	-1.0	-0.0474	0.0	331855	61085
2.0	2	16	bar_data_250tick_rot	0.1731	270780	0.8306	-2148237.0	2148255.0	-0.0827	34264.0	2.53	0.0353	-1.0	-0.035	0.0	331855	61085
2.0	2	0	bar_data_250tick_rot	0.0841	270780	0.8306	-4899005.0	4899023.0	-0.006	1551964.0	2.53	0.0172	-1.0	-0.0025	0.0	331855	61085
2.0	3	4	bar_data_250tick_rot	0.2883	270780	0.8306	-1110677.0	1110695.0	-0.1332	8624.0	0.0	0.0588	-1.0	-0.061	0.0	331855	61085
2.0	3	8	bar_data_250tick_rot	0.2211	270780	0.8306	-1584429.0	1584447.0	-0.109	17192.0	0.0	0.0451	-1.0	-0.0474	0.0	331855	61085
2.0	3	16	bar_data_250tick_rot	0.1731	270780	0.8306	-2148237.0	2148255.0	-0.0827	34264.0	2.85	0.0353	-1.0	-0.035	0.0	331855	61085
2.0	3	0	bar_data_250tick_rot	0.0841	270780	0.8306	-4899005.0	4899023.0	-0.006	1551964.0	1.32	0.0172	-1.0	-0.0025	0.0	331855	61085
2.0	4	4	bar_data_250tick_rot	0.2883	270780	0.8306	-1110677.0	1110695.0	-0.1332	8624.0	0.0	0.0588	-1.0	-0.061	0.0	331855	61085
2.0	4	8	bar_data_250tick_rot	0.2211	270780	0.8306	-1584429.0	1584447.0	-0.109	17192.0	0.0	0.0451	-1.0	-0.0474	0.0	331855	61085
2.0	4	16	bar_data_250tick_rot	0.1731	270780	0.8306	-2148237.0	2148255.0	-0.0827	34264.0	0.0	0.0353	-1.0	-0.035	0.0	331855	61085
2.0	4	0	bar_data_250tick_rot	0.0841	270780	0.8306	-4899005.0	4899023.0	-0.006	1551964.0	1.52	0.0172	-1.0	-0.0025	0.0	331855	61085
2.0	5	4	bar_data_250tick_rot	0.2883	270780	0.8306	-1110677.0	1110695.0	-0.1332	8624.0	0.0	0.0588	-1.0	-0.061	0.0	331855	61085
2.0	5	8	bar_data_250tick_rot	0.2211	270780	0.8306	-1584429.0	1584447.0	-0.109	17192.0	0.0	0.0451	-1.0	-0.0474	0.0	331855	61085
2.0	5	16	bar_data_250tick_rot	0.1731	270780	0.8306	-2148237.0	2148255.0	-0.0827	34264.0	0.0	0.0353	-1.0	-0.035	0.0	331855	61085
2.0	5	0	bar_data_250tick_rot	0.0841	270780	0.8306	-4899005.0	4899023.0	-0.006	1551964.0	0.0	0.0172	-1.0	-0.0025	0.0	331855	61085
2.5	1	1	bar_data_250tick_rot	1.2227	237952	0.8253	143091.0	10110.0	0.0569	2166.0	0.0	0.2587	14.1534	0.0333	75.68	54534	61085
2.5	1	2	bar_data_250tick_rot	0.9036	237952	0.8253	-83769.0	160714.0	-0.0198	4322.0	0.0	0.1912	-0.5212	-0.0098	62.16	180793	61085
2.5	1	4	bar_data_250tick_rot	0.7311	237952	0.8253	-288969.0	359018.0	-0.0408	8614.0	8.72	0.1547	-0.8049	-0.0184	51.35	180729	61085
2.5	1	8	bar_data_250tick_rot	0.6094	237952	0.8253	-503569.0	573354.0	-0.0411	17158.0	4.76	0.1289	-0.8783	-0.0178	40.54	180729	61085
2.5	1	16	bar_data_250tick_rot	0.5082	237952	0.8253	-760161.0	827480.0	-0.0345	34166.0	4.76	0.1076	-0.9186	-0.0146	40.54	184011	61085
2.5	1	0	bar_data_250tick_rot	0.233	237952	0.8253	-2586497.0	2648870.0	-0.0042	1239194.0	4.76	0.0493	-0.9765	-0.0018	40.54	184011	61085
2.5	2	2	bar_data_250tick_rot	0.9036	237952	0.8253	-83769.0	160714.0	-0.0198	4322.0	0.0	0.1912	-0.5212	-0.0098	62.16	180793	61085
2.5	2	4	bar_data_250tick_rot	0.7311	237952	0.8253	-288969.0	359018.0	-0.0408	8614.0	0.0	0.1547	-0.8049	-0.0184	51.35	180729	61085
2.5	2	8	bar_data_250tick_rot	0.6094	237952	0.8253	-503569.0	573354.0	-0.0411	17158.0	3.96	0.1289	-0.8783	-0.0178	40.54	180729	61085
2.5	2	16	bar_data_250tick_rot	0.5082	237952	0.8253	-760161.0	827480.0	-0.0345	34166.0	2.18	0.1076	-0.9186	-0.0146	40.54	184011	61085
2.5	2	0	bar_data_250tick_rot	0.233	237952	0.8253	-2586497.0	2648870.0	-0.0042	1239194.0	2.18	0.0493	-0.9765	-0.0018	40.54	184011	61085
2.5	3	4	bar_data_250tick_rot	0.7311	237952	0.8253	-288969.0	359018.0	-0.0408	8614.0	0.0	0.1547	-0.8049	-0.0184	51.35	180729	61085
2.5	3	8	bar_data_250tick_rot	0.6094	237952	0.8253	-503569.0	573354.0	-0.0411	17158.0	0.0	0.1289	-0.8783	-0.0178	40.54	180729	61085
2.5	3	16	bar_data_250tick_rot	0.5082	237952	0.8253	-760161.0	827480.0	-0.0345	34166.0	1.78	0.1076	-0.9186	-0.0146	40.54	184011	61085
2.5	3	0	bar_data_250tick_rot	0.233	237952	0.8253	-2586497.0	2648870.0	-0.0042	1239194.0	0.94	0.0493	-0.9765	-0.0018	40.54	184011	61085
2.5	4	4	bar_data_250tick_rot	0.7311	237952	0.8253	-288969.0	359018.0	-0.0408	8614.0	0.0	0.1547	-0.8049	-0.0184	51.35	180729	61085
2.5	4	8	bar_data_250tick_rot	0.6094	237952	0.8253	-503569.0	573354.0	-0.0411	17158.0	0.0	0.1289	-0.8783	-0.0178	40.54	180729	61085
2.5	4	16	bar_data_250tick_rot	0.5082	237952	0.8253	-760161.0	827480.0	-0.0345	34166.0	0.0	0.1076	-0.9186	-0.0146	40.54	184011	61085
2.5	4	0	bar_data_250tick_rot	0.233	237952	0.8253	-2586497.0	2648870.0	-0.0042	1239194.0	0.84	0.0493	-0.9765	-0.0018	40.54	184011	61085
2.5	5	4	bar_data_250tick_rot	0.7311	237952	0.8253	-288969.0	359018.0	-0.0408	8614.0	0.0	0.1547	-0.8049	-0.0184	51.35	180729	61085
2.5	5	8	bar_data_250tick_rot	0.6094	237952	0.8253	-503569.0	573354.0	-0.0411	17158.0	0.0	0.1289	-0.8783	-0.0178	40.54	180729	61085
2.5	5	16	bar_data_250tick_rot	0.5082	237952	0.8253	-760161.0	827480.0	-0.0345	34166.0	0.0	0.1076	-0.9186	-0.0146	40.54	184011	61085
2.5	5	0	bar_data_250tick_rot	0.233	237952	0.8253	-2586497.0	2648870.0	-0.0042	1239194.0	0.0	0.0493	-0.9765	-0.0018	40.54	184011	61085
3.0	1	1	bar_data_250tick_rot	1.8819	208201	0.8236	482129.0	3420.0	0.208	2190.0	0.0	0.4032	140.9734	0.125	100.0	4351	61085
3.0	1	2	bar_data_250tick_rot	1.5765	208201	0.8236	376217.0	17670.0	0.1004	4368.0	0.0	0.3376	21.2913	0.0384	86.49	25156	61085
3.0	1	4	bar_data_250tick_rot	1.4153	208201	0.8236	301913.0	41112.0	0.0492	8700.0	7.72	0.3032	7.3437	0.0154	78.38	97602	61085
3.0	1	8	bar_data_250tick_rot	1.2677	208201	0.8236	217265.0	98484.0	0.0205	17316.0	4.72	0.2716	2.2061	0.006	75.68	135815	61085
3.0	1	16	bar_data_250tick_rot	1.102	208201	0.8236	95201.0	187392.0	0.0049	34452.0	4.72	0.236	0.508	0.0014	72.97	165366	61085
3.0	1	0	bar_data_250tick_rot	0.4474	208201	0.8236	-1270861.0	1552776.0	-0.0026	1053756.0	4.72	0.0958	-0.8184	-0.0007	67.57	165366	61085
3.0	2	2	bar_data_250tick_rot	1.5765	208201	0.8236	376217.0	17670.0	0.1004	4368.0	0.0	0.3376	21.2913	0.0384	86.49	25156	61085
3.0	2	4	bar_data_250tick_rot	1.4153	208201	0.8236	301913.0	41112.0	0.0492	8700.0	0.0	0.3032	7.3437	0.0154	78.38	97602	61085
3.0	2	8	bar_data_250tick_rot	1.2677	208201	0.8236	217265.0	98484.0	0.0205	17316.0	3.0	0.2716	2.2061	0.006	75.68	135815	61085
3.0	2	16	bar_data_250tick_rot	1.102	208201	0.8236	95201.0	187392.0	0.0049	34452.0	1.84	0.236	0.508	0.0014	72.97	165366	61085
3.0	2	0	bar_data_250tick_rot	0.4474	208201	0.8236	-1270861.0	1552776.0	-0.0026	1053756.0	1.84	0.0958	-0.8184	-0.0007	67.57	165366	61085
3.0	3	4	bar_data_250tick_rot	1.4153	208201	0.8236	301913.0	41112.0	0.0492	8700.0	0.0	0.3032	7.3437	0.0154	78.38	97602	61085
3.0	3	8	bar_data_250tick_rot	1.2677	208201	0.8236	217265.0	98484.0	0.0205	17316.0	0.0	0.2716	2.2061	0.006	75.68	135815	61085
3.0	3	16	bar_data_250tick_rot	1.102	208201	0.8236	95201.0	187392.0	0.0049	34452.0	1.16	0.236	0.508	0.0014	72.97	165366	61085
3.0	3	0	bar_data_250tick_rot	0.4474	208201	0.8236	-1270861.0	1552776.0	-0.0026	1053756.0	0.65	0.0958	-0.8184	-0.0007	67.57	165366	61085
3.0	4	4	bar_data_250tick_rot	1.4153	208201	0.8236	301913.0	41112.0	0.0492	8700.0	0.0	0.3032	7.3437	0.0154	78.38	97602	61085
3.0	4	8	bar_data_250tick_rot	1.2677	208201	0.8236	217265.0	98484.0	0.0205	17316.0	0.0	0.2716	2.2061	0.006	75.68	135815	61085
3.0	4	16	bar_data_250tick_rot	1.102	208201	0.8236	95201.0	187392.0	0.0049	34452.0	0.0	0.236	0.508	0.0014	72.97	165366	61085
3.0	4	0	bar_data_250tick_rot	0.4474	208201	0.8236	-1270861.0	1552776.0	-0.0026	1053756.0	0.51	0.0958	-0.8184	-0.0007	67.57	165366	61085
3.0	5	4	bar_data_250tick_rot	1.4153	208201	0.8236	301913.0	41112.0	0.0492	8700.0	0.0	0.3032	7.3437	0.0154	78.38	97602	61085
3.0	5	8	bar_data_250tick_rot	1.2677	208201	0.8236	217265.0	98484.0	0.0205	17316.0	0.0	0.2716	2.2061	0.006	75.68	135815	61085
3.0	5	16	bar_data_250tick_rot	1.102	208201	0.8236	95201.0	187392.0	0.0049	34452.0	0.0	0.236	0.508	0.0014	72.97	165366	61085
3.0	5	0	bar_data_250tick_rot	0.4474	208201	0.8236	-1270861.0	1552776.0	-0.0026	1053756.0	0.0	0.0958	-0.8184	-0.0007	67.57	165366	61085
3.5	1	1	bar_data_250tick_rot	2.5188	179494	0.8219	711667.0	2348.0	0.3335	2190.0	0.0	0.5457	303.095	0.2057	100.0	1215	61085
3.5	1	2	bar_data_250tick_rot	2.3071	179494	0.9296	690591.0	7864.0	0.2074	4366.0	0.0	0.1745	87.8168	0.0755	97.3	5292	61085
3.5	1	4	bar_data_250tick_rot	2.3162	179494	0.9296	692663.0	22294.0	0.1292	8690.0	7.04	0.1752	31.0695	0.0378	94.59	12779	61085
3.5	1	8	bar_data_250tick_rot	2.2222	179494	0.9296	670407.0	39628.0	0.0719	17282.0	4.64	0.1681	16.9175	0.0197	91.89	18834	61085
3.5	1	16	bar_data_250tick_rot	1.9975	179494	0.9296	608695.0	60194.0	0.0352	34354.0	4.64	0.1511	10.1122	0.0095	89.19	25172	61085
3.5	1	0	bar_data_250tick_rot	0.7125	179494	0.9296	-491765.0	944780.0	-0.0013	901522.0	4.64	0.0539	-0.5205	-0.0003	78.38	138059	61085
3.5	2	2	bar_data_250tick_rot	2.3071	179494	0.9296	690591.0	7864.0	0.2074	4366.0	0.0	0.1745	87.8168	0.0755	97.3	5292	61085
3.5	2	4	bar_data_250tick_rot	2.3162	179494	0.9296	692663.0	22294.0	0.1292	8690.0	0.0	0.1752	31.0695	0.0378	94.59	12779	61085
3.5	2	8	bar_data_250tick_rot	2.2222	179494	0.9296	670407.0	39628.0	0.0719	17282.0	2.39	0.1681	16.9175	0.0197	91.89	18834	61085
3.5	2	16	bar_data_250tick_rot	1.9975	179494	0.9296	608695.0	60194.0	0.0352	34354.0	1.58	0.1511	10.1122	0.0095	89.19	25172	61085
3.5	2	0	bar_data_250tick_rot	0.7125	179494	0.9296	-491765.0	944780.0	-0.0013	901522.0	1.58	0.0539	-0.5205	-0.0003	78.38	138059	61085
3.5	3	4	bar_data_250tick_rot	2.3162	179494	0.9296	692663.0	22294.0	0.1292	8690.0	0.0	0.1752	31.0695	0.0378	94.59	12779	61085
3.5	3	8	bar_data_250tick_rot	2.2222	179494	0.9296	670407.0	39628.0	0.0719	17282.0	0.0	0.1681	16.9175	0.0197	91.89	18834	61085
3.5	3	16	bar_data_250tick_rot	1.9975	179494	0.9296	608695.0	60194.0	0.0352	34354.0	0.82	0.1511	10.1122	0.0095	89.19	25172	61085
3.5	3	0	bar_data_250tick_rot	0.7125	179494	0.9296	-491765.0	944780.0	-0.0013	901522.0	0.49	0.0539	-0.5205	-0.0003	78.38	138059	61085
3.5	4	4	bar_data_250tick_rot	2.3162	179494	0.9296	692663.0	22294.0	0.1292	8690.0	0.0	0.1752	31.0695	0.0378	94.59	12779	61085
3.5	4	8	bar_data_250tick_rot	2.2222	179494	0.9296	670407.0	39628.0	0.0719	17282.0	0.0	0.1681	16.9175	0.0197	91.89	18834	61085
3.5	4	16	bar_data_250tick_rot	1.9975	179494	0.9296	608695.0	60194.0	0.0352	34354.0	0.0	0.1511	10.1122	0.0095	89.19	25172	61085
3.5	4	0	bar_data_250tick_rot	0.7125	179494	0.9296	-491765.0	944780.0	-0.0013	901522.0	0.33	0.0539	-0.5205	-0.0003	78.38	138059	61085
3.5	5	4	bar_data_250tick_rot	2.3162	179494	0.9296	692663.0	22294.0	0.1292	8690.0	0.0	0.1752	31.0695	0.0378	94.59	12779	61085
3.5	5	8	bar_data_250tick_rot	2.2222	179494	0.9296	670407.0	39628.0	0.0719	17282.0	0.0	0.1681	16.9175	0.0197	91.89	18834	61085
3.5	5	16	bar_data_250tick_rot	1.9975	179494	0.9296	608695.0	60194.0	0.0352	34354.0	0.0	0.1511	10.1122	0.0095	89.19	25172	61085
3.5	5	0	bar_data_250tick_rot	0.7125	179494	0.9296	-491765.0	944780.0	-0.0013	901522.0	0.0	0.0539	-0.5205	-0.0003	78.38	138059	61085
4.0	1	1	bar_data_250tick_rot	3.1295	154241	0.8212	861929.0	2236.0	0.4367	2214.0	0.0	0.6812	385.4781	0.274	100.0	913	61085
4.0	1	2	bar_data_250tick_rot	3.0484	154241	0.935	898321.0	6366.0	0.2998	4412.0	0.0	0.2119	141.1123	0.1042	100.0	3072	61085
4.0	1	4	bar_data_250tick_rot	3.3767	154241	0.935	940965.0	15322.0	0.1969	8776.0	6.5	0.2347	61.4127	0.0546	97.3	4586	61085
4.0	1	8	bar_data_250tick_rot	3.4338	154241	0.935	947549.0	29988.0	0.113	17440.0	4.49	0.2387	31.5976	0.0295	94.59	6883	61085
4.0	1	16	bar_data_250tick_rot	3.1687	154241	0.935	914973.0	55844.0	0.0583	34640.0	4.49	0.2202	16.3844	0.015	94.59	13483	61085
4.0	1	0	bar_data_250tick_rot	0.9835	154241	0.935	-22387.0	837238.0	-0.0001	804812.0	4.49	0.0684	-0.0267	-0.0	83.78	125822	61085
4.0	2	2	bar_data_250tick_rot	3.0484	154241	0.935	898321.0	6366.0	0.2998	4412.0	0.0	0.2119	141.1123	0.1042	100.0	3072	61085
4.0	2	4	bar_data_250tick_rot	3.3767	154241	0.935	940965.0	15322.0	0.1969	8776.0	0.0	0.2347	61.4127	0.0546	97.3	4586	61085
4.0	2	8	bar_data_250tick_rot	3.4338	154241	0.935	947549.0	29988.0	0.113	17440.0	2.01	0.2387	31.5976	0.0295	94.59	6883	61085
4.0	2	16	bar_data_250tick_rot	3.1687	154241	0.935	914973.0	55844.0	0.0583	34640.0	1.38	0.2202	16.3844	0.015	94.59	13483	61085
4.0	2	0	bar_data_250tick_rot	0.9835	154241	0.935	-22387.0	837238.0	-0.0001	804812.0	1.38	0.0684	-0.0267	-0.0	83.78	125822	61085
4.0	3	4	bar_data_250tick_rot	3.3767	154241	0.935	940965.0	15322.0	0.1969	8776.0	0.0	0.2347	61.4127	0.0546	97.3	4586	61085
4.0	3	8	bar_data_250tick_rot	3.4338	154241	0.935	947549.0	29988.0	0.113	17440.0	0.0	0.2387	31.5976	0.0295	94.59	6883	61085
4.0	3	16	bar_data_250tick_rot	3.1687	154241	0.935	914973.0	55844.0	0.0583	34640.0	0.63	0.2202	16.3844	0.015	94.59	13483	61085
4.0	3	0	bar_data_250tick_rot	0.9835	154241	0.935	-22387.0	837238.0	-0.0001	804812.0	0.4	0.0684	-0.0267	-0.0	83.78	125822	61085
4.0	4	4	bar_data_250tick_rot	3.3767	154241	0.935	940965.0	15322.0	0.1969	8776.0	0.0	0.2347	61.4127	0.0546	97.3	4586	61085
4.0	4	8	bar_data_250tick_rot	3.4338	154241	0.935	947549.0	29988.0	0.113	17440.0	0.0	0.2387	31.5976	0.0295	94.59	6883	61085
4.0	4	16	bar_data_250tick_rot	3.1687	154241	0.935	914973.0	55844.0	0.0583	34640.0	0.0	0.2202	16.3844	0.015	94.59	13483	61085
4.0	4	0	bar_data_250tick_rot	0.9835	154241	0.935	-22387.0	837238.0	-0.0001	804812.0	0.23	0.0684	-0.0267	-0.0	83.78	125822	61085
4.0	5	4	bar_data_250tick_rot	3.3767	154241	0.935	940965.0	15322.0	0.1969	8776.0	0.0	0.2347	61.4127	0.0546	97.3	4586	61085
4.0	5	8	bar_data_250tick_rot	3.4338	154241	0.935	947549.0	29988.0	0.113	17440.0	0.0	0.2387	31.5976	0.0295	94.59	6883	61085
4.0	5	16	bar_data_250tick_rot	3.1687	154241	0.935	914973.0	55844.0	0.0583	34640.0	0.0	0.2202	16.3844	0.015	94.59	13483	61085
4.0	5	0	bar_data_250tick_rot	0.9835	154241	0.935	-22387.0	837238.0	-0.0001	804812.0	0.0	0.0684	-0.0267	-0.0	83.78	125822	61085
4.5	1	1	bar_data_250tick_rot	3.6395	130942	0.8201	934603.0	2184.0	0.5145	2184.0	0.0	0.7984	427.9318	0.329	100.0	633	61085
4.5	1	2	bar_data_250tick_rot	3.6681	130942	0.9375	1004455.0	4818.0	0.3725	4350.0	0.0	0.2444	208.4797	0.1269	100.0	1234	61085
4.5	1	4	bar_data_250tick_rot	4.435	130942	0.9375	1069555.0	12312.0	0.251	8646.0	6.24	0.2955	86.8709	0.0676	100.0	2905	61085
4.5	1	8	bar_data_250tick_rot	4.7037	130942	0.9375	1087339.0	25086.0	0.145	17166.0	4.46	0.3134	43.3445	0.037	97.3	4664	61085
4.5	1	16	bar_data_250tick_rot	4.3634	130942	0.9375	1064443.0	46974.0	0.0755	34062.0	4.46	0.2907	22.6603	0.019	94.59	7708	61085
4.5	1	0	bar_data_250tick_rot	1.2417	130942	0.9375	268771.0	711894.0	0.0011	694686.0	4.46	0.0827	0.3775	0.0003	89.19	113791	61085
4.5	2	2	bar_data_250tick_rot	3.6681	130942	0.9375	1004455.0	4818.0	0.3725	4350.0	0.0	0.2444	208.4797	0.1269	100.0	1234	61085
4.5	2	4	bar_data_250tick_rot	4.435	130942	0.9375	1069555.0	12312.0	0.251	8646.0	0.0	0.2955	86.8709	0.0676	100.0	2905	61085
4.5	2	8	bar_data_250tick_rot	4.7037	130942	0.9375	1087339.0	25086.0	0.145	17166.0	1.78	0.3134	43.3445	0.037	97.3	4664	61085
4.5	2	16	bar_data_250tick_rot	4.3634	130942	0.9375	1064443.0	46974.0	0.0755	34062.0	1.26	0.2907	22.6603	0.019	94.59	7708	61085
4.5	2	0	bar_data_250tick_rot	1.2417	130942	0.9375	268771.0	711894.0	0.0011	694686.0	1.26	0.0827	0.3775	0.0003	89.19	113791	61085
4.5	3	4	bar_data_250tick_rot	4.435	130942	0.9375	1069555.0	12312.0	0.251	8646.0	0.0	0.2955	86.8709	0.0676	100.0	2905	61085
4.5	3	8	bar_data_250tick_rot	4.7037	130942	0.9375	1087339.0	25086.0	0.145	17166.0	0.0	0.3134	43.3445	0.037	97.3	4664	61085
4.5	3	16	bar_data_250tick_rot	4.3634	130942	0.9375	1064443.0	46974.0	0.0755	34062.0	0.53	0.2907	22.6603	0.019	94.59	7708	61085
4.5	3	0	bar_data_250tick_rot	1.2417	130942	0.9375	268771.0	711894.0	0.0011	694686.0	0.34	0.0827	0.3775	0.0003	89.19	113791	61085
4.5	4	4	bar_data_250tick_rot	4.435	130942	0.9375	1069555.0	12312.0	0.251	8646.0	0.0	0.2955	86.8709	0.0676	100.0	2905	61085
4.5	4	8	bar_data_250tick_rot	4.7037	130942	0.9375	1087339.0	25086.0	0.145	17166.0	0.0	0.3134	43.3445	0.037	97.3	4664	61085
4.5	4	16	bar_data_250tick_rot	4.3634	130942	0.9375	1064443.0	46974.0	0.0755	34062.0	0.0	0.2907	22.6603	0.019	94.59	7708	61085
4.5	4	0	bar_data_250tick_rot	1.2417	130942	0.9375	268771.0	711894.0	0.0011	694686.0	0.18	0.0827	0.3775	0.0003	89.19	113791	61085
4.5	5	4	bar_data_250tick_rot	4.435	130942	0.9375	1069555.0	12312.0	0.251	8646.0	0.0	0.2955	86.8709	0.0676	100.0	2905	61085
4.5	5	8	bar_data_250tick_rot	4.7037	130942	0.9375	1087339.0	25086.0	0.145	17166.0	0.0	0.3134	43.3445	0.037	97.3	4664	61085
4.5	5	16	bar_data_250tick_rot	4.3634	130942	0.9375	1064443.0	46974.0	0.0755	34062.0	0.0	0.2907	22.6603	0.019	94.59	7708	61085
4.5	5	0	bar_data_250tick_rot	1.2417	130942	0.9375	268771.0	711894.0	0.0011	694686.0	0.0	0.0827	0.3775	0.0003	89.19	113791	61085
5.0	1	1	bar_data_250tick_rot	4.0595	111171	0.8178	959317.0	2158.0	0.5754	2086.0	0.0	0.9044	444.5399	0.3771	100.0	522	61085
5.0	1	2	bar_data_250tick_rot	4.1808	111171	0.9396	1050805.0	4290.0	0.434	4152.0	0.0	0.2687	244.9429	0.1471	100.0	929	61085
5.0	1	4	bar_data_250tick_rot	5.3571	111171	0.9396	1123345.0	10056.0	0.2976	8244.0	6.04	0.3444	111.7089	0.0786	97.3	1929	61085
5.0	1	8	bar_data_250tick_rot	5.8	111171	0.9396	1143033.0	21090.0	0.173	16348.0	4.38	0.3728	54.1979	0.0434	97.3	3416	61085
5.0	1	16	bar_data_250tick_rot	5.5338	111171	0.9396	1131577.0	39960.0	0.0914	32396.0	4.38	0.3557	28.3177	0.0226	97.3	5460	61085
5.0	1	0	bar_data_250tick_rot	1.5429	111171	0.9396	485999.0	578390.0	0.0025	568712.0	4.38	0.0992	0.8403	0.0006	91.89	95932	61085
5.0	2	2	bar_data_250tick_rot	4.1808	111171	0.9396	1050805.0	4290.0	0.434	4152.0	0.0	0.2687	244.9429	0.1471	100.0	929	61085
5.0	2	4	bar_data_250tick_rot	5.3571	111171	0.9396	1123345.0	10056.0	0.2976	8244.0	0.0	0.3444	111.7089	0.0786	97.3	1929	61085
5.0	2	8	bar_data_250tick_rot	5.8	111171	0.9396	1143033.0	21090.0	0.173	16348.0	1.66	0.3728	54.1979	0.0434	97.3	3416	61085
5.0	2	16	bar_data_250tick_rot	5.5338	111171	0.9396	1131577.0	39960.0	0.0914	32396.0	1.14	0.3557	28.3177	0.0226	97.3	5460	61085
5.0	2	0	bar_data_250tick_rot	1.5429	111171	0.9396	485999.0	578390.0	0.0025	568712.0	1.14	0.0992	0.8403	0.0006	91.89	95932	61085
5.0	3	4	bar_data_250tick_rot	5.3571	111171	0.9396	1123345.0	10056.0	0.2976	8244.0	0.0	0.3444	111.7089	0.0786	97.3	1929	61085
5.0	3	8	bar_data_250tick_rot	5.8	111171	0.9396	1143033.0	21090.0	0.173	16348.0	0.0	0.3728	54.1979	0.0434	97.3	3416	61085
5.0	3	16	bar_data_250tick_rot	5.5338	111171	0.9396	1131577.0	39960.0	0.0914	32396.0	0.51	0.3557	28.3177	0.0226	97.3	5460	61085
5.0	3	0	bar_data_250tick_rot	1.5429	111171	0.9396	485999.0	578390.0	0.0025	568712.0	0.35	0.0992	0.8403	0.0006	91.89	95932	61085
5.0	4	4	bar_data_250tick_rot	5.3571	111171	0.9396	1123345.0	10056.0	0.2976	8244.0	0.0	0.3444	111.7089	0.0786	97.3	1929	61085
5.0	4	8	bar_data_250tick_rot	5.8	111171	0.9396	1143033.0	21090.0	0.173	16348.0	0.0	0.3728	54.1979	0.0434	97.3	3416	61085
5.0	4	16	bar_data_250tick_rot	5.5338	111171	0.9396	1131577.0	39960.0	0.0914	32396.0	0.0	0.3557	28.3177	0.0226	97.3	5460	61085
5.0	4	0	bar_data_250tick_rot	1.5429	111171	0.9396	485999.0	578390.0	0.0025	568712.0	0.17	0.0992	0.8403	0.0006	91.89	95932	61085
5.0	5	4	bar_data_250tick_rot	5.3571	111171	0.9396	1123345.0	10056.0	0.2976	8244.0	0.0	0.3444	111.7089	0.0786	97.3	1929	61085
5.0	5	8	bar_data_250tick_rot	5.8	111171	0.9396	1143033.0	21090.0	0.173	16348.0	0.0	0.3728	54.1979	0.0434	97.3	3416	61085
5.0	5	16	bar_data_250tick_rot	5.5338	111171	0.9396	1131577.0	39960.0	0.0914	32396.0	0.0	0.3557	28.3177	0.0226	97.3	5460	61085
5.0	5	0	bar_data_250tick_rot	1.5429	111171	0.9396	485999.0	578390.0	0.0025	568712.0	0.0	0.0992	0.8403	0.0006	91.89	95932	61085
5.5	1	1	bar_data_250tick_rot	4.2862	92984	0.8142	928759.0	2148.0	0.6031	2096.0	0.0	0.978	432.3831	0.3999	100.0	778	61085
5.5	1	2	bar_data_250tick_rot	4.4024	92984	0.9393	1026119.0	4288.0	0.4616	4170.0	0.0	0.2843	239.3001	0.1572	100.0	779	61085
5.5	1	4	bar_data_250tick_rot	5.7494	92984	0.9393	1096775.0	8766.0	0.3176	8274.0	6.07	0.3713	125.1169	0.084	100.0	1269	61085
5.5	1	8	bar_data_250tick_rot	6.4449	92984	0.9393	1121695.0	18510.0	0.1861	16394.0	4.34	0.4161	60.5994	0.0467	97.3	2575	61085
5.5	1	16	bar_data_250tick_rot	6.1846	92984	0.9393	1113023.0	36832.0	0.0986	32458.0	4.34	0.3994	30.2189	0.0244	97.3	4402	61085
5.5	1	0	bar_data_250tick_rot	1.6638	92984	0.9393	529695.0	526428.0	0.0033	520848.0	4.34	0.1074	1.0062	0.0008	91.89	58584	61085
5.5	2	2	bar_data_250tick_rot	4.4024	92984	0.9393	1026119.0	4288.0	0.4616	4170.0	0.0	0.2843	239.3001	0.1572	100.0	779	61085
5.5	2	4	bar_data_250tick_rot	5.7494	92984	0.9393	1096775.0	8766.0	0.3176	8274.0	0.0	0.3713	125.1169	0.084	100.0	1269	61085
5.5	2	8	bar_data_250tick_rot	6.4449	92984	0.9393	1121695.0	18510.0	0.1861	16394.0	1.73	0.4161	60.5994	0.0467	97.3	2575	61085
5.5	2	16	bar_data_250tick_rot	6.1846	92984	0.9393	1113023.0	36832.0	0.0986	32458.0	1.21	0.3994	30.2189	0.0244	97.3	4402	61085
5.5	2	0	bar_data_250tick_rot	1.6638	92984	0.9393	529695.0	526428.0	0.0033	520848.0	1.21	0.1074	1.0062	0.0008	91.89	58584	61085
5.5	3	4	bar_data_250tick_rot	5.7494	92984	0.9393	1096775.0	8766.0	0.3176	8274.0	0.0	0.3713	125.1169	0.084	100.0	1269	61085
5.5	3	8	bar_data_250tick_rot	6.4449	92984	0.9393	1121695.0	18510.0	0.1861	16394.0	0.0	0.4161	60.5994	0.0467	97.3	2575	61085
5.5	3	16	bar_data_250tick_rot	6.1846	92984	0.9393	1113023.0	36832.0	0.0986	32458.0	0.52	0.3994	30.2189	0.0244	97.3	4402	61085
5.5	3	0	bar_data_250tick_rot	1.6638	92984	0.9393	529695.0	526428.0	0.0033	520848.0	0.36	0.1074	1.0062	0.0008	91.89	58584	61085
5.5	4	4	bar_data_250tick_rot	5.7494	92984	0.9393	1096775.0	8766.0	0.3176	8274.0	0.0	0.3713	125.1169	0.084	100.0	1269	61085
5.5	4	8	bar_data_250tick_rot	6.4449	92984	0.9393	1121695.0	18510.0	0.1861	16394.0	0.0	0.4161	60.5994	0.0467	97.3	2575	61085
5.5	4	16	bar_data_250tick_rot	6.1846	92984	0.9393	1113023.0	36832.0	0.0986	32458.0	0.0	0.3994	30.2189	0.0244	97.3	4402	61085
5.5	4	0	bar_data_250tick_rot	1.6638	92984	0.9393	529695.0	526428.0	0.0033	520848.0	0.16	0.1074	1.0062	0.0008	91.89	58584	61085
5.5	5	4	bar_data_250tick_rot	5.7494	92984	0.9393	1096775.0	8766.0	0.3176	8274.0	0.0	0.3713	125.1169	0.084	100.0	1269	61085
5.5	5	8	bar_data_250tick_rot	6.4449	92984	0.9393	1121695.0	18510.0	0.1861	16394.0	0.0	0.4161	60.5994	0.0467	97.3	2575	61085
5.5	5	16	bar_data_250tick_rot	6.1846	92984	0.9393	1113023.0	36832.0	0.0986	32458.0	0.0	0.3994	30.2189	0.0244	97.3	4402	61085
5.5	5	0	bar_data_250tick_rot	1.6638	92984	0.9393	529695.0	526428.0	0.0033	520848.0	0.0	0.1074	1.0062	0.0008	91.89	58584	61085
6.0	1	1	bar_data_250tick_rot	4.4425	78487	0.8122	889157.0	2148.0	0.6198	2094.0	0.0	1.0274	413.9465	0.4126	100.0	1370	61085
6.0	1	2	bar_data_250tick_rot	4.4946	78487	0.9385	984629.0	4290.0	0.4759	4164.0	0.0	0.2946	229.5172	0.1636	100.0	1383	61085
6.0	1	4	bar_data_250tick_rot	5.8655	78487	0.9385	1050485.0	8490.0	0.3274	8256.0	6.15	0.3844	123.732	0.0532	97.3	1344	61085
6.0	1	8	bar_data_250tick_rot	6.6049	78487	0.9385	1074653.0	16866.0	0.193	16344.0	4.33	0.4329	63.7171	0.0272	97.3	1748	61085
6.0	1	16	bar_data_250tick_rot	6.3643	78487	0.9385	1067405.0	33090.0	0.1028	32328.0	4.33	0.4171	32.2576	0.0141	97.3	3409	61085
6.0	1	0	bar_data_250tick_rot	1.7473	78487	0.9385	541637.0	475626.0	0.004	475512.0	4.33	0.1145	1.1388	0.0005	91.89	47774	61085
6.0	2	2	bar_data_250tick_rot	4.4946	78487	0.9385	984629.0	4290.0	0.4759	4164.0	0.0	0.2946	229.5172	0.1636	100.0	1383	61085
6.0	2	4	bar_data_250tick_rot	5.8655	78487	0.9385	1050485.0	8490.0	0.3274	8256.0	0.0	0.3844	123.732	0.0532	97.3	1344	61085
6.0	2	8	bar_data_250tick_rot	6.6049	78487	0.9385	1074653.0	16866.0	0.193	16344.0	1.82	0.4329	63.7171	0.0272	97.3	1748	61085
6.0	2	16	bar_data_250tick_rot	6.3643	78487	0.9385	1067405.0	33090.0	0.1028	32328.0	1.25	0.4171	32.2576	0.0141	97.3	3409	61085
6.0	2	0	bar_data_250tick_rot	1.7473	78487	0.9385	541637.0	475626.0	0.004	475512.0	1.25	0.1145	1.1388	0.0005	91.89	47774	61085
6.0	3	4	bar_data_250tick_rot	5.8655	78487	0.9385	1050485.0	8490.0	0.3274	8256.0	0.0	0.3844	123.732	0.0532	97.3	1344	61085
6.0	3	8	bar_data_250tick_rot	6.6049	78487	0.9385	1074653.0	16866.0	0.193	16344.0	0.0	0.4329	63.7171	0.0272	97.3	1748	61085
6.0	3	16	bar_data_250tick_rot	6.3643	78487	0.9385	1067405.0	33090.0	0.1028	32328.0	0.57	0.4171	32.2576	0.0141	97.3	3409	61085
6.0	3	0	bar_data_250tick_rot	1.7473	78487	0.9385	541637.0	475626.0	0.004	475512.0	0.37	0.1145	1.1388	0.0005	91.89	47774	61085
6.0	4	4	bar_data_250tick_rot	5.8655	78487	0.9385	1050485.0	8490.0	0.3274	8256.0	0.0	0.3844	123.732	0.0532	97.3	1344	61085
6.0	4	8	bar_data_250tick_rot	6.6049	78487	0.9385	1074653.0	16866.0	0.193	16344.0	0.0	0.4329	63.7171	0.0272	97.3	1748	61085
6.0	4	16	bar_data_250tick_rot	6.3643	78487	0.9385	1067405.0	33090.0	0.1028	32328.0	0.0	0.4171	32.2576	0.0141	97.3	3409	61085
6.0	4	0	bar_data_250tick_rot	1.7473	78487	0.9385	541637.0	475626.0	0.004	475512.0	0.2	0.1145	1.1388	0.0005	91.89	47774	61085
6.0	5	4	bar_data_250tick_rot	5.8655	78487	0.9385	1050485.0	8490.0	0.3274	8256.0	0.0	0.3844	123.732	0.0532	97.3	1344	61085
6.0	5	8	bar_data_250tick_rot	6.6049	78487	0.9385	1074653.0	16866.0	0.193	16344.0	0.0	0.4329	63.7171	0.0272	97.3	1748	61085
6.0	5	16	bar_data_250tick_rot	6.3643	78487	0.9385	1067405.0	33090.0	0.1028	32328.0	0.0	0.4171	32.2576	0.0141	97.3	3409	61085
6.0	5	0	bar_data_250tick_rot	1.7473	78487	0.9385	541637.0	475626.0	0.004	475512.0	0.0	0.1145	1.1388	0.0005	91.89	47774	61085
7.0	1	1	bar_data_250tick_rot	4.3319	55038	0.8007	745691.0	2034.0	0.6065	2022.0	0.0	1.0784	366.6131	0.4153	100.0	1288	61085
7.0	1	2	bar_data_250tick_rot	4.2263	55038	0.933	829033.0	4076.0	0.4666	4016.0	0.0	0.3036	203.3938	0.1706	100.0	1233	61085
7.0	1	4	bar_data_250tick_rot	5.12	55038	0.9781	881881.0	8042.0	0.3231	7948.0	6.7	0.1146	109.6594	0.0592	100.0	930	61085
7.0	1	8	bar_data_250tick_rot	5.7051	55038	0.9781	903833.0	16066.0	0.1947	15700.0	4.51	0.1277	56.2575	0.0304	97.3	1335	61085
7.0	1	16	bar_data_250tick_rot	5.4552	55038	0.9781	895033.0	31510.0	0.1052	30980.0	4.51	0.1221	28.4047	0.0158	97.3	2339	61085
7.0	1	0	bar_data_250tick_rot	1.7847	55038	0.9781	481873.0	378876.0	0.0053	378272.0	4.51	0.04	1.2718	0.0008	91.89	33082	61085
7.0	2	2	bar_data_250tick_rot	4.2263	55038	0.933	829033.0	4076.0	0.4666	4016.0	0.0	0.3036	203.3938	0.1706	100.0	1233	61085
7.0	2	4	bar_data_250tick_rot	5.12	55038	0.9781	881881.0	8042.0	0.3231	7948.0	0.0	0.1146	109.6594	0.0592	100.0	930	61085
7.0	2	8	bar_data_250tick_rot	5.7051	55038	0.9781	903833.0	16066.0	0.1947	15700.0	2.19	0.1277	56.2575	0.0304	97.3	1335	61085
7.0	2	16	bar_data_250tick_rot	5.4552	55038	0.9781	895033.0	31510.0	0.1052	30980.0	1.46	0.1221	28.4047	0.0158	97.3	2339	61085
7.0	2	0	bar_data_250tick_rot	1.7847	55038	0.9781	481873.0	378876.0	0.0053	378272.0	1.46	0.04	1.2718	0.0008	91.89	33082	61085
7.0	3	4	bar_data_250tick_rot	5.12	55038	0.9781	881881.0	8042.0	0.3231	7948.0	0.0	0.1146	109.6594	0.0592	100.0	930	61085
7.0	3	8	bar_data_250tick_rot	5.7051	55038	0.9781	903833.0	16066.0	0.1947	15700.0	0.0	0.1277	56.2575	0.0304	97.3	1335	61085
7.0	3	16	bar_data_250tick_rot	5.4552	55038	0.9781	895033.0	31510.0	0.1052	30980.0	0.72	0.1221	28.4047	0.0158	97.3	2339	61085
7.0	3	0	bar_data_250tick_rot	1.7847	55038	0.9781	481873.0	378876.0	0.0053	378272.0	0.46	0.04	1.2718	0.0008	91.89	33082	61085
7.0	4	4	bar_data_250tick_rot	5.12	55038	0.9781	881881.0	8042.0	0.3231	7948.0	0.0	0.1146	109.6594	0.0592	100.0	930	61085
7.0	4	8	bar_data_250tick_rot	5.7051	55038	0.9781	903833.0	16066.0	0.1947	15700.0	0.0	0.1277	56.2575	0.0304	97.3	1335	61085
7.0	4	16	bar_data_250tick_rot	5.4552	55038	0.9781	895033.0	31510.0	0.1052	30980.0	0.0	0.1221	28.4047	0.0158	97.3	2339	61085
7.0	4	0	bar_data_250tick_rot	1.7847	55038	0.9781	481873.0	378876.0	0.0053	378272.0	0.27	0.04	1.2718	0.0008	91.89	33082	61085
7.0	5	4	bar_data_250tick_rot	5.12	55038	0.9781	881881.0	8042.0	0.3231	7948.0	0.0	0.1146	109.6594	0.0592	100.0	930	61085
7.0	5	8	bar_data_250tick_rot	5.7051	55038	0.9781	903833.0	16066.0	0.1947	15700.0	0.0	0.1277	56.2575	0.0304	97.3	1335	61085
7.0	5	16	bar_data_250tick_rot	5.4552	55038	0.9781	895033.0	31510.0	0.1052	30980.0	0.0	0.1221	28.4047	0.0158	97.3	2339	61085
7.0	5	0	bar_data_250tick_rot	1.7847	55038	0.9781	481873.0	378876.0	0.0053	378272.0	0.0	0.04	1.2718	0.0008	91.89	33082	61085
8.0	1	1	bar_data_250tick_rot	4.1344	39802	0.7913	620827.0	2022.0	0.5814	2022.0	0.0	1.0901	307.0361	0.405	100.0	1576	61085
8.0	1	2	bar_data_250tick_rot	3.8954	39802	0.9263	688533.0	4012.0	0.4429	4012.0	0.0	0.3101	171.6184	0.1713	100.0	1579	61085
8.0	1	4	bar_data_250tick_rot	4.4979	39802	0.9744	732313.0	7928.0	0.3076	7928.0	7.37	0.1179	92.3705	0.0621	100.0	1530	61085
8.0	1	8	bar_data_250tick_rot	4.9272	39802	0.9744	750553.0	15656.0	0.1876	15632.0	4.82	0.1292	47.9403	0.0318	97.3	1606	61085
8.0	1	16	bar_data_250tick_rot	4.69	39802	0.9744	740889.0	30784.0	0.1024	30784.0	4.82	0.123	24.0673	0.0167	97.3	2893	61085
8.0	1	0	bar_data_250tick_rot	1.7132	39802	0.9744	392005.0	329344.0	0.0059	329344.0	4.82	0.0449	1.1903	0.0009	91.89	28143	61085
8.0	2	2	bar_data_250tick_rot	3.8954	39802	0.9263	688533.0	4012.0	0.4429	4012.0	0.0	0.3101	171.6184	0.1713	100.0	1579	61085
8.0	2	4	bar_data_250tick_rot	4.4979	39802	0.9744	732313.0	7928.0	0.3076	7928.0	0.0	0.1179	92.3705	0.0621	100.0	1530	61085
8.0	2	8	bar_data_250tick_rot	4.9272	39802	0.9744	750553.0	15656.0	0.1876	15632.0	2.55	0.1292	47.9403	0.0318	97.3	1606	61085
8.0	2	16	bar_data_250tick_rot	4.69	39802	0.9744	740889.0	30784.0	0.1024	30784.0	1.66	0.123	24.0673	0.0167	97.3	2893	61085
8.0	2	0	bar_data_250tick_rot	1.7132	39802	0.9744	392005.0	329344.0	0.0059	329344.0	1.66	0.0449	1.1903	0.0009	91.89	28143	61085
8.0	3	4	bar_data_250tick_rot	4.4979	39802	0.9744	732313.0	7928.0	0.3076	7928.0	0.0	0.1179	92.3705	0.0621	100.0	1530	61085
8.0	3	8	bar_data_250tick_rot	4.9272	39802	0.9744	750553.0	15656.0	0.1876	15632.0	0.0	0.1292	47.9403	0.0318	97.3	1606	61085
8.0	3	16	bar_data_250tick_rot	4.69	39802	0.9744	740889.0	30784.0	0.1024	30784.0	0.89	0.123	24.0673	0.0167	97.3	2893	61085
8.0	3	0	bar_data_250tick_rot	1.7132	39802	0.9744	392005.0	329344.0	0.0059	329344.0	0.55	0.0449	1.1903	0.0009	91.89	28143	61085
8.0	4	4	bar_data_250tick_rot	4.4979	39802	0.9744	732313.0	7928.0	0.3076	7928.0	0.0	0.1179	92.3705	0.0621	100.0	1530	61085
8.0	4	8	bar_data_250tick_rot	4.9272	39802	0.9744	750553.0	15656.0	0.1876	15632.0	0.0	0.1292	47.9403	0.0318	97.3	1606	61085
8.0	4	16	bar_data_250tick_rot	4.69	39802	0.9744	740889.0	30784.0	0.1024	30784.0	0.0	0.123	24.0673	0.0167	97.3	2893	61085
8.0	4	0	bar_data_250tick_rot	1.7132	39802	0.9744	392005.0	329344.0	0.0059	329344.0	0.34	0.0449	1.1903	0.0009	91.89	28143	61085
8.0	5	4	bar_data_250tick_rot	4.4979	39802	0.9744	732313.0	7928.0	0.3076	7928.0	0.0	0.1179	92.3705	0.0621	100.0	1530	61085
8.0	5	8	bar_data_250tick_rot	4.9272	39802	0.9744	750553.0	15656.0	0.1876	15632.0	0.0	0.1292	47.9403	0.0318	97.3	1606	61085
8.0	5	16	bar_data_250tick_rot	4.69	39802	0.9744	740889.0	30784.0	0.1024	30784.0	0.0	0.123	24.0673	0.0167	97.3	2893	61085
8.0	5	0	bar_data_250tick_rot	1.7132	39802	0.9744	392005.0	329344.0	0.0059	329344.0	0.0	0.0449	1.1903	0.0009	91.89	28143	61085
10.0	1	1	bar_data_250tick_rot	3.3931	21394	0.7634	391659.0	2132.0	0.4827	2006.0	0.0	1.0513	183.705	0.3509	94.59	2834	61085
10.0	1	2	bar_data_250tick_rot	3.0307	21394	0.9088	430419.0	4184.0	0.3558	3972.0	0.0	0.3043	102.8726	0.1554	89.19	2380	61085
10.0	1	4	bar_data_250tick_rot	3.1701	21394	0.9637	452607.0	8128.0	0.2438	7824.0	9.12	0.1195	55.6849	0.0611	89.19	2644	61085
10.0	1	8	bar_data_250tick_rot	3.3087	21394	0.9637	461343.0	15696.0	0.1512	15368.0	5.49	0.1247	29.3924	0.0312	86.49	6842	61085
10.0	1	16	bar_data_250tick_rot	3.1234	21394	0.9637	449487.0	30192.0	0.0838	30136.0	5.49	0.1177	14.8876	0.0164	89.19	7482	61085
10.0	1	0	bar_data_250tick_rot	1.4023	21394	0.9637	189671.0	257280.0	0.0049	257224.0	5.49	0.0528	0.7372	0.0009	83.78	39616	61085
10.0	2	2	bar_data_250tick_rot	3.0307	21394	0.9088	430419.0	4184.0	0.3558	3972.0	0.0	0.3043	102.8726	0.1554	89.19	2380	61085
10.0	2	4	bar_data_250tick_rot	3.1701	21394	0.9637	452607.0	8128.0	0.2438	7824.0	0.0	0.1195	55.6849	0.0611	89.19	2644	61085
10.0	2	8	bar_data_250tick_rot	3.3087	21394	0.9637	461343.0	15696.0	0.1512	15368.0	3.63	0.1247	29.3924	0.0312	86.49	6842	61085
10.0	2	16	bar_data_250tick_rot	3.1234	21394	0.9637	449487.0	30192.0	0.0838	30136.0	2.19	0.1177	14.8876	0.0164	89.19	7482	61085
10.0	2	0	bar_data_250tick_rot	1.4023	21394	0.9637	189671.0	257280.0	0.0049	257224.0	2.19	0.0528	0.7372	0.0009	83.78	39616	61085
10.0	3	4	bar_data_250tick_rot	3.1701	21394	0.9637	452607.0	8128.0	0.2438	7824.0	0.0	0.1195	55.6849	0.0611	89.19	2644	61085
10.0	3	8	bar_data_250tick_rot	3.3087	21394	0.9637	461343.0	15696.0	0.1512	15368.0	0.0	0.1247	29.3924	0.0312	86.49	6842	61085
10.0	3	16	bar_data_250tick_rot	3.1234	21394	0.9637	449487.0	30192.0	0.0838	30136.0	1.43	0.1177	14.8876	0.0164	89.19	7482	61085
10.0	3	0	bar_data_250tick_rot	1.4023	21394	0.9637	189671.0	257280.0	0.0049	257224.0	0.83	0.0528	0.7372	0.0009	83.78	39616	61085
10.0	4	4	bar_data_250tick_rot	3.1701	21394	0.9637	452607.0	8128.0	0.2438	7824.0	0.0	0.1195	55.6849	0.0611	89.19	2644	61085
10.0	4	8	bar_data_250tick_rot	3.3087	21394	0.9637	461343.0	15696.0	0.1512	15368.0	0.0	0.1247	29.3924	0.0312	86.49	6842	61085
10.0	4	16	bar_data_250tick_rot	3.1234	21394	0.9637	449487.0	30192.0	0.0838	30136.0	0.0	0.1177	14.8876	0.0164	89.19	7482	61085
10.0	4	0	bar_data_250tick_rot	1.4023	21394	0.9637	189671.0	257280.0	0.0049	257224.0	0.6	0.0528	0.7372	0.0009	83.78	39616	61085
10.0	5	4	bar_data_250tick_rot	3.1701	21394	0.9637	452607.0	8128.0	0.2438	7824.0	0.0	0.1195	55.6849	0.0611	89.19	2644	61085
10.0	5	8	bar_data_250tick_rot	3.3087	21394	0.9637	461343.0	15696.0	0.1512	15368.0	0.0	0.1247	29.3924	0.0312	86.49	6842	61085
10.0	5	16	bar_data_250tick_rot	3.1234	21394	0.9637	449487.0	30192.0	0.0838	30136.0	0.0	0.1177	14.8876	0.0164	89.19	7482	61085
10.0	5	0	bar_data_250tick_rot	1.4023	21394	0.9637	189671.0	257280.0	0.0049	257224.0	0.0	0.0528	0.7372	0.0009	83.78	39616	61085
