config_id,label,step_dist,hard_stop,max_levels,max_contract_size,max_fades,max_loss_dollar,mll_pct,eval_viable,funded_t1_viable,funded_t3_viable,cycle_count,win_count,loss_count,win_rate,gross_er,net_er,sigma,max_consec_losses,p_pass_eval,p_pass_funded,prop_score,kelly_r,total_gross_pnl_ticks,total_net_pnl_dollars,depth_0_count,depth_1_count,depth_2_count,depth_3_count,reversal_count,hard_stop_count,eod_flatten_count
79,depth_1,25.0,125.0,1,2,0,1250.0,62.5,True,True,True,3165,2322,843,0.7336492890995261,38.39,33.19,768.64,6,0.468234,0.703336,0.035252,0.022468,24301.0,105034.0,1624,1541,0,0,2296,818,51
107,depth_1,30.0,360.0,1,2,0,3600.0,180.0,False,False,False,1478,1265,213,0.8558863328822733,54.8,49.63,1376.2,8,0.431679,0.683977,0.029447,0.010483,16199.0,73358.0,774,704,0,0,1247,175,56
109,depth_2,30.0,225.0,2,4,0,4500.0,225.0,False,False,False,1832,1611,221,0.8793668122270742,44.43,37.67,1563.57,3,0.418577,0.676885,0.019672,0.006164,16278.0,69014.0,962,453,417,0,1587,190,55
141,depth_3,50.0,700.0,3,8,0,28000.0,1400.0,False,False,False,579,524,55,0.9050086355785838,84.11,75.68,4359.79,2,0.404784,0.669317,0.014173,0.001593,9740.0,43817.5,307,138,65,69,509,12,58
19,depth_3,10.0,88.0,3,8,0,3520.0,176.0,False,False,False,15389,14604,785,0.9489895379816752,22.09,13.54,806.89,3,0.425114,0.680435,0.013705,0.008321,67987.0,208426.0,7834,3844,1909,1802,14588,743,58
50,depth_0,20.0,60.0,1,1,0,300.0,15.0,True,True,True,7088,3130,3958,0.44159142212189617,9.02,5.52,348.32,13,0.455231,0.696516,0.012948,0.018211,12792.0,39152.0,7088,0,0,0,3111,3941,36
23,depth_3,10.0,210.0,3,8,0,8400.0,420.0,False,False,False,13045,12742,303,0.9767727098505175,27.67,19.11,1214.88,2,0.415596,0.675259,0.012841,0.005178,72196.0,249242.5,6635,3297,1552,1561,12725,262,58
86,depth_2,25.0,225.0,2,4,0,4500.0,225.0,False,False,False,2451,2195,256,0.8955528355773154,29.44,22.5,1442.02,3,0.413028,0.673854,0.01274,0.004328,14431.0,55148.5,1245,605,601,0,2173,221,57
34,depth_1,15.0,150.0,1,2,0,1500.0,75.0,True,True,True,6320,5296,1024,0.8379746835443038,15.23,10.02,657.59,4,0.427996,0.681993,0.012444,0.009271,19257.0,63339.5,3227,3093,0,0,5275,989,56
22,depth_3,10.0,175.0,3,8,0,7000.0,350.0,False,False,False,13663,13291,372,0.9727731830491108,25.52,16.95,1119.6,2,0.416292,0.675639,0.01236,0.005408,69735.0,231558.0,6920,3473,1641,1629,13272,334,57
32,depth_1,15.0,90.0,1,2,0,900.0,45.0,True,True,True,8200,6209,1991,0.7571951219512195,12.64,7.43,514.63,7,0.433945,0.685195,0.011795,0.011228,20722.0,60959.0,4214,3986,0,0,6193,1955,52
36,depth_2,15.0,90.0,2,4,0,1800.0,90.0,True,False,True,8200,6209,1991,0.7571951219512195,12.64,7.43,514.63,7,0.433945,0.685195,0.011795,0.011228,20722.0,60959.0,4214,3986,0,0,6193,1955,52
39,depth_2,15.0,180.0,2,4,0,3600.0,180.0,False,False,False,6438,5947,491,0.9237340789064927,21.22,14.43,1005.03,4,0.417216,0.676143,0.011722,0.005714,27327.0,92892.0,3372,1569,1497,0,5927,453,58
128,depth_1,50.0,300.0,1,2,0,3000.0,150.0,False,False,False,727,535,192,0.7359009628610729,28.42,23.29,1658.23,5,0.410189,0.672296,0.011466,0.003387,4132.0,16929.0,388,339,0,0,517,158,52
132,depth_2,50.0,300.0,2,4,0,6000.0,300.0,False,False,False,727,535,192,0.7359009628610729,28.42,23.29,1658.23,5,0.410189,0.672296,0.011466,0.003387,4132.0,16929.0,388,339,0,0,517,158,52
37,depth_2,15.0,112.0,2,4,0,2240.0,112.00000000000001,False,False,False,7164,6341,823,0.8851200446677834,18.12,11.23,801.75,4,0.421076,0.678244,0.011438,0.006989,25964.0,80459.5,3685,1749,1730,0,6320,789,55
20,depth_3,10.0,105.0,3,8,0,4200.0,210.0,False,False,False,14891,14235,656,0.9559465448928883,20.39,11.78,882.88,3,0.418223,0.676692,0.010897,0.006047,60729.0,175461.0,7526,3727,1865,1773,14221,612,58
91,depth_3,25.0,219.0,3,8,0,8760.0,438.0,False,False,False,2451,2295,156,0.9363525091799265,34.49,26.01,1993.65,2,0.407869,0.67102,0.010652,0.002618,16905.0,63749.0,1262,603,305,281,2277,117,57
21,depth_3,10.0,140.0,3,8,0,5600.0,280.0,False,False,False,14253,13771,482,0.9661825580579527,21.7,13.12,1014.07,2,0.41537,0.675135,0.010564,0.005103,61853.0,186996.0,7232,3599,1718,1704,13753,442,58
27,depth_0,15.0,60.0,1,1,0,300.0,15.0,True,True,True,10451,5344,5107,0.5113386278824993,7.39,3.89,301.17,12,0.451992,0.694806,0.010543,0.017149,15444.0,40641.5,10451,0,0,0,5323,5085,43
30,depth_1,15.0,60.0,1,2,0,600.0,30.0,True,True,True,10451,5344,5107,0.5113386278824993,7.39,3.89,301.17,12,0.451992,0.694806,0.010543,0.017149,15444.0,40641.5,10451,0,0,0,5323,5085,43
40,depth_2,15.0,225.0,2,4,0,4500.0,225.0,False,False,False,5963,5581,382,0.9359382860976019,20.45,13.59,1121.29,3,0.413014,0.673846,0.009896,0.004324,24391.0,81036.5,3063,1486,1414,0,5565,340,58
57,depth_1,20.0,160.0,1,2,0,1600.0,80.0,True,True,True,4007,3212,795,0.8015972048914399,14.7,9.49,785.99,5,0.418512,0.67685,0.009854,0.006142,11782.0,38011.5,2043,1964,0,0,3195,757,55
42,depth_3,15.0,105.0,3,8,0,4200.0,210.0,False,False,False,7257,6367,890,0.877359790547058,16.1,9.23,778.88,4,0.418336,0.676754,0.009673,0.006084,23370.0,66961.0,3742,1774,1741,0,6351,852,54
114,depth_3,30.0,210.0,3,8,0,8400.0,420.0,False,False,False,1795,1559,236,0.8685236768802228,24.01,17.09,1535.51,3,0.408719,0.671487,0.009088,0.0029,8618.0,30679.0,912,449,434,0,1535,205,55
68,depth_3,20.0,210.0,3,8,0,8400.0,420.0,False,False,False,3744,3551,193,0.9484508547008547,28.11,19.49,1754.14,3,0.407616,0.67088,0.009071,0.002533,21049.0,72964.5,1925,905,456,458,3534,152,58
106,depth_1,30.0,300.0,1,2,0,3000.0,150.0,False,False,False,1574,1299,275,0.8252858958068615,19.61,14.41,1299.32,4,0.41027,0.67234,0.009055,0.003414,6174.0,22680.0,808,766,0,0,1284,237,53
38,depth_2,15.0,135.0,2,4,0,2700.0,135.0,False,False,False,6886,6206,680,0.9012489108335754,16.48,9.62,880.13,3,0.414956,0.674909,0.008922,0.004966,22691.0,66226.0,3542,1712,1632,0,6186,644,56
72,depth_0,25.0,25.0,1,1,0,125.0,6.25,True,True,True,7149,1521,5628,0.21275702895509863,6.26,2.76,255.76,41,0.451142,0.694357,0.008808,0.016871,8949.0,19723.5,7149,0,0,0,1500,5626,23
56,depth_1,20.0,120.0,1,2,0,1200.0,60.0,True,True,True,4521,3405,1116,0.7531519575315195,12.26,7.03,685.44,6,0.418047,0.676596,0.008379,0.005989,11088.0,31801.0,2288,2233,0,0,3387,1081,53
60,depth_2,20.0,120.0,2,4,0,2400.0,120.0,False,False,False,4521,3405,1116,0.7531519575315195,12.26,7.03,685.44,6,0.418047,0.676596,0.008379,0.005989,11088.0,31801.0,2288,2233,0,0,3387,1081,53
105,depth_1,30.0,240.0,1,2,0,2400.0,120.0,False,False,False,1771,1407,364,0.7944664031620553,16.78,11.58,1168.59,4,0.4102,0.672302,0.008089,0.003391,5945.0,20502.5,907,864,0,0,1388,327,56
16,depth_2,10.0,150.0,2,4,0,3000.0,150.0,False,False,False,13056,12252,804,0.9384191176470589,14.12,7.19,755.73,3,0.415165,0.675023,0.007768,0.005035,36866.0,93869.0,6632,3241,3183,0,12239,760,57
80,depth_1,25.0,150.0,1,2,0,1500.0,75.0,True,True,True,2940,2209,731,0.751360544217687,13.16,7.95,853.49,7,0.413147,0.673918,0.007609,0.004367,7737.0,23383.0,1508,1432,0,0,2189,698,53
84,depth_2,25.0,150.0,2,4,0,3000.0,150.0,False,False,False,2940,2209,731,0.751360544217687,13.16,7.95,853.49,7,0.413147,0.673918,0.007609,0.004367,7737.0,23383.0,1508,1432,0,0,2189,698,53
124,depth_0,50.0,300.0,1,1,0,1500.0,75.0,True,True,True,706,419,287,0.5934844192634561,14.53,11.03,1183.37,7,0.409472,0.671902,0.007607,0.003149,2051.0,7784.0,706,0,0,0,400,255,51
8,depth_1,10.0,60.0,1,2,0,600.0,30.0,True,True,True,18148,13741,4407,0.7571633237822349,8.35,3.13,346.11,6,0.431589,0.683929,0.007385,0.010453,30316.0,56810.5,9219,8929,0,0,13724,4374,50
12,depth_2,10.0,60.0,2,4,0,1200.0,60.0,True,False,True,18148,13741,4407,0.7571633237822349,8.35,3.13,346.11,6,0.431589,0.683929,0.007385,0.010453,30316.0,56810.5,9219,8929,0,0,13724,4374,50
15,depth_2,10.0,120.0,2,4,0,2400.0,120.0,False,False,False,14235,13163,1072,0.9246926589392342,12.38,5.47,680.54,3,0.414221,0.674507,0.006561,0.004723,35237.0,77845.5,7237,3566,3432,0,13146,1032,57
70,depth_3,20.0,350.0,3,8,0,14000.0,700.0,False,False,False,3471,3347,124,0.9642754249495823,26.64,18.1,2255.17,2,0.404277,0.669037,0.006555,0.001424,18496.0,62842.0,1796,856,398,421,3328,86,57
73,depth_0,25.0,50.0,1,1,0,250.0,12.5,True,True,True,5616,1929,3687,0.343482905982906,6.35,2.85,356.08,19,0.427128,0.681524,0.00653,0.008985,7130.0,15994.0,5616,0,0,0,1904,3672,40
49,depth_0,20.0,40.0,1,1,0,200.0,10.0,True,True,True,8674,2981,5693,0.34367074014295595,5.72,2.22,285.76,18,0.432844,0.684604,0.006338,0.010866,9920.0,19241.0,8674,0,0,0,2961,5679,34
10,depth_1,10.0,100.0,1,2,0,1000.0,50.0,True,True,True,14287,11957,2330,0.8369146776790088,8.65,3.44,443.84,6,0.421082,0.678248,0.006334,0.006991,24724.0,49189.0,7308,6979,0,0,11940,2291,56
110,depth_2,30.0,270.0,2,4,0,5400.0,270.0,False,False,False,1737,1543,194,0.8883131836499712,19.35,12.58,1737.05,4,0.405011,0.669443,0.005914,0.001668,6723.0,21855.0,928,402,407,0,1522,157,58
5,depth_0,10.0,80.0,1,1,0,400.0,20.0,True,True,True,13579,9133,4446,0.6725826644082775,5.43,1.93,282.71,9,0.42911,0.682594,0.005561,0.009637,14735.0,26148.5,13579,0,0,0,9116,4411,52
65,depth_2,20.0,360.0,2,4,0,7200.0,360.0,False,False,False,2999,2816,183,0.9389796598866289,17.99,11.07,1627.1,3,0.405024,0.66945,0.005554,0.001672,10790.0,33195.0,1526,744,729,0,2801,140,58
82,depth_1,25.0,250.0,1,2,0,2500.0,125.0,False,False,False,2267,1877,390,0.8279664755183062,12.5,7.26,1093.0,4,0.407311,0.670712,0.005427,0.002432,5668.0,16468.0,1142,1125,0,0,1858,352,57
4,depth_0,10.0,60.0,1,1,0,300.0,15.0,True,True,True,17282,10497,6785,0.6073949774331675,5.12,1.62,245.95,12,0.432477,0.684406,0.005395,0.010745,17714.0,28083.0,17282,0,0,0,10475,6753,54
83,depth_1,25.0,300.0,1,2,0,3000.0,150.0,False,False,False,2039,1732,307,0.8494359980382541,12.89,7.65,1191.76,6,0.406479,0.670253,0.005245,0.002156,5256.0,15608.5,1029,1010,0,0,1713,268,58
41,depth_2,15.0,270.0,2,4,0,5400.0,270.0,False,False,False,5477,5164,313,0.9428519262369911,14.73,7.81,1238.01,2,0.406127,0.670059,0.005153,0.002039,16131.0,42792.0,2786,1366,1325,0,5151,268,58
13,depth_2,10.0,75.0,2,4,0,1500.0,75.0,True,False,True,15933,14103,1830,0.8851440406703069,10.33,3.39,543.59,4,0.413802,0.674277,0.005087,0.004584,32926.0,53956.5,8025,4018,3890,0,14086,1792,55
18,depth_3,10.0,70.0,3,8,0,2800.0,140.0,False,False,False,16308,14320,1988,0.8780966396860437,9.83,2.91,525.83,4,0.412689,0.673668,0.004525,0.004216,32064.0,47525.5,8279,4084,3945,0,14302,1952,54
17,depth_2,10.0,180.0,2,4,0,3600.0,180.0,False,False,False,12263,11609,654,0.9466688412297154,11.04,4.15,832.24,3,0.407205,0.670654,0.004072,0.002397,27086.0,50898.0,6240,3090,2933,0,11597,608,58
103,depth_1,30.0,150.0,1,2,0,1500.0,75.0,True,True,True,2143,1527,616,0.7125524965002333,9.59,4.38,935.48,6,0.406013,0.669996,0.003821,0.002001,4110.0,9381.5,1095,1048,0,0,1504,582,57
9,depth_1,10.0,80.0,1,2,0,800.0,40.0,True,True,True,15927,12798,3129,0.8035411565266528,6.9,1.67,399.33,5,0.412602,0.67362,0.003413,0.004187,21975.0,26585.5,8057,7870,0,0,12781,3094,52
90,depth_3,25.0,175.0,3,8,0,7000.0,350.0,False,False,False,2592,2256,336,0.8703703703703703,11.14,4.17,1298.63,3,0.40297,0.668314,0.002622,0.000989,5776.0,10809.5,1303,648,641,0,2230,307,55
52,depth_0,20.0,120.0,1,1,0,600.0,30.0,True,True,True,4324,2607,1717,0.6029139685476411,5.05,1.55,487.93,9,0.40781,0.670987,0.002587,0.002598,4364.0,6686.0,4324,0,0,0,2589,1686,49
136,depth_2,50.0,750.0,2,4,0,15000.0,750.0,False,False,False,510,444,66,0.8705882352941177,16.39,9.52,3273.25,3,0.401066,0.667259,0.002374,0.000355,1672.0,4853.0,256,135,119,0,435,17,58
35,depth_1,15.0,180.0,1,2,0,1800.0,90.0,True,True,True,5721,4898,823,0.8561440307638525,7.14,1.94,727.47,4,0.404402,0.669106,0.002176,0.001466,8175.0,11093.5,2933,2788,0,0,4878,787,56
142,depth_3,50.0,875.0,3,8,0,35000.0,1750.0,False,False,False,562,510,52,0.9074733096085409,20.14,11.54,4978.46,2,0.400559,0.666977,0.001893,0.000186,2264.0,6486.5,295,137,57,73,494,10,58
33,depth_1,15.0,120.0,1,2,0,1200.0,60.0,True,True,True,7024,5623,1401,0.8005410022779044,6.51,1.29,596.84,5,0.404358,0.669082,0.001768,0.001451,9152.0,9076.5,3567,3457,0,0,5608,1365,51
14,depth_2,10.0,90.0,2,4,0,1800.0,90.0,True,False,True,15285,13768,1517,0.9007523716061498,8.06,1.1,596.96,5,0.403709,0.668723,0.001505,0.001235,24652.0,16818.0,7670,3859,3756,0,13751,1476,58
69,depth_3,20.0,280.0,3,8,0,11200.0,560.0,False,False,False,3584,3427,157,0.9561941964285714,11.45,2.8,2055.56,2,0.400794,0.667108,0.00111,0.000265,8209.0,10017.5,1823,901,410,450,3412,114,58
81,depth_1,25.0,200.0,1,2,0,2000.0,100.0,True,True,True,2595,2064,531,0.7953757225433526,6.5,1.27,987.68,5,0.401563,0.667534,0.00105,0.000521,3371.0,3296.0,1316,1279,0,0,2045,497,53
75,depth_0,25.0,100.0,1,1,0,500.0,25.0,True,True,True,3727,1881,1846,0.5046954655218675,4.13,0.63,498.64,12,0.403059,0.668363,0.001037,0.001019,3081.0,2360.5,3727,0,0,0,1854,1828,45
78,depth_1,25.0,100.0,1,2,0,1000.0,50.0,True,True,True,3727,1881,1846,0.5046954655218675,4.13,0.63,498.64,12,0.403059,0.668363,0.001037,0.001019,3081.0,2360.5,3727,0,0,0,1854,1828,45
3,depth_0,10.0,40.0,1,1,0,200.0,10.0,True,True,True,23303,11824,11479,0.5074024803673347,3.63,0.13,202.18,14,0.403871,0.668813,0.000532,0.001289,16926.0,3069.5,23303,0,0,0,11804,11455,44
6,depth_1,10.0,40.0,1,2,0,400.0,20.0,True,True,True,23303,11824,11479,0.5074024803673347,3.63,0.13,202.18,14,0.403871,0.668813,0.000532,0.001289,16926.0,3069.5,23303,0,0,0,11804,11455,44
64,depth_2,20.0,300.0,2,4,0,6000.0,300.0,False,False,False,3223,2999,224,0.9304995345950977,7.76,0.84,1517.86,3,0.400439,0.666911,0.000454,0.000146,4999.0,2717.5,1665,766,792,0,2977,189,57
11,depth_1,10.0,120.0,1,2,0,1200.0,60.0,True,True,True,12640,10837,1803,0.8573575949367088,5.4,0.16,488.61,5,0.400805,0.667114,0.000268,0.000268,13648.0,2023.5,6361,6279,0,0,10819,1763,58
59,depth_1,20.0,240.0,1,2,0,2400.0,120.0,False,False,False,3309,2818,491,0.8516168026594138,5.31,0.14,967.52,3,0.400181,0.666767,0.000119,6e-05,3517.0,466.5,1727,1582,0,0,2799,452,58
31,depth_1,15.0,75.0,1,2,0,750.0,37.5,True,True,True,8620,6176,2444,0.7164733178654292,4.99,-0.23,474.92,7,0.398793,0.665996,-0.00039,-0.000403,8610.0,-1956.5,4381,4239,0,0,6155,2414,51
7,depth_1,10.0,50.0,1,2,0,500.0,25.0,True,True,True,19217,13808,5409,0.7185304678149556,5.04,-0.19,318.58,9,0.397786,0.665435,-0.00048,-0.000739,19374.0,-3601.0,9728,9489,0,0,13789,5378,50
74,depth_0,25.0,75.0,1,1,0,375.0,18.75,True,True,True,4473,1940,2533,0.4337133914598703,3.11,-0.39,432.88,16,0.39751,0.665281,-0.000734,-0.000831,2783.0,-1740.5,4473,0,0,0,1910,2519,44
47,depth_3,15.0,315.0,3,8,0,12600.0,630.0,False,False,False,5785,5617,168,0.9709593777009508,6.8,-1.74,1913.04,2,0.399431,0.66635,-0.000741,-0.00019,7870.0,-10042.0,2962,1429,715,679,5599,128,58
2,depth_0,10.0,30.0,1,1,0,150.0,7.5,True,True,True,27915,12211,15704,0.4374350707504926,3.28,-0.22,175.97,16,0.391486,0.661914,-0.001022,-0.002845,18311.0,-6147.5,27915,0,0,0,12190,15690,35
43,depth_3,15.0,131.0,3,8,0,5240.0,262.0,False,False,False,6801,6408,393,0.9422143802382003,6.94,-1.57,1244.28,3,0.398781,0.665989,-0.001032,-0.000406,9444.0,-10698.0,3510,1641,861,789,6390,354,57
44,depth_3,15.0,158.0,3,8,0,6320.0,316.0,False,False,False,6683,6350,333,0.9501720784079006,6.1,-2.44,1367.68,2,0.398435,0.665797,-0.001457,-0.000522,8152.0,-16307.5,3429,1640,829,785,6333,293,57
137,depth_2,50.0,900.0,2,4,0,18000.0,900.0,False,False,False,510,447,63,0.8764705882352941,0.4,-6.5,3547.37,3,0.399381,0.666323,-0.001495,-0.000206,41.0,-3312.5,259,129,122,0,438,14,58
85,depth_2,25.0,188.0,2,4,0,3760.0,188.0,False,False,False,2591,2265,326,0.8741798533384794,4.3,-2.6,1352.85,3,0.398298,0.66572,-0.001568,-0.000568,2229.0,-6729.5,1329,635,627,0,2243,291,57
76,depth_0,25.0,150.0,1,1,0,750.0,37.5,True,True,True,2752,1647,1105,0.5984738372093024,1.82,-1.68,608.41,9,0.394558,0.663634,-0.002256,-0.001817,1001.0,-4627.0,2752,0,0,0,1628,1076,48
143,depth_3,50.0,1050.0,3,8,0,42000.0,2100.0,False,False,False,536,484,52,0.9029850746268657,-7.15,-15.75,5426.54,2,0.399358,0.66631,-0.002369,-0.000214,-766.0,-8439.5,277,134,57,68,470,8,58
51,depth_0,20.0,80.0,1,1,0,400.0,20.0,True,True,True,5841,2931,2910,0.5017976373908577,2.08,-1.42,400.02,12,0.389359,0.660719,-0.002905,-0.003558,2426.0,-8313.5,5841,0,0,0,2911,2884,46
54,depth_1,20.0,80.0,1,2,0,800.0,40.0,True,True,True,5841,2931,2910,0.5017976373908577,2.08,-1.42,400.02,12,0.389359,0.660719,-0.002905,-0.003558,2426.0,-8313.5,5841,0,0,0,2911,2884,46
26,depth_0,15.0,45.0,1,1,0,225.0,11.25,True,True,True,12482,5411,7071,0.43350424611440475,2.56,-0.94,261.6,14,0.383615,0.657478,-0.002931,-0.005489,6393.0,-11722.0,12482,0,0,0,5385,7050,47
99,depth_0,30.0,120.0,1,1,0,600.0,30.0,True,True,True,2605,1307,1298,0.5017274472168906,1.22,-2.28,596.84,12,0.392326,0.662385,-0.003123,-0.002564,634.0,-5947.5,2605,0,0,0,1282,1280,43
102,depth_1,30.0,120.0,1,2,0,1200.0,60.0,True,True,True,2605,1307,1298,0.5017274472168906,1.22,-2.28,596.84,12,0.392326,0.662385,-0.003123,-0.002564,634.0,-5947.5,2605,0,0,0,1282,1280,43
121,depth_0,50.0,100.0,1,1,0,500.0,25.0,True,True,True,1403,479,924,0.3414112615823236,0.64,-2.86,699.82,14,0.393001,0.662763,-0.003339,-0.002338,179.0,-4015.5,1403,0,0,0,451,914,38
96,depth_0,30.0,30.0,1,1,0,150.0,7.5,True,True,True,4951,1019,3932,0.20581700666532013,2.25,-1.25,302.32,29,0.383643,0.657494,-0.003381,-0.005479,2226.0,-6198.5,4951,0,0,0,997,3926,28
53,depth_0,20.0,160.0,1,1,0,800.0,40.0,True,True,True,3410,2262,1148,0.6633431085043988,1.16,-2.34,562.64,8,0.391147,0.661723,-0.003398,-0.002959,790.0,-7985.0,3410,0,0,0,2245,1113,52
88,depth_2,25.0,375.0,2,4,0,7500.0,375.0,False,False,False,2102,1941,161,0.923406279733587,-1.31,-8.25,1894.07,3,0.397242,0.665132,-0.003558,-0.00092,-552.0,-17348.0,1068,518,516,0,1924,121,57
67,depth_3,20.0,175.0,3,8,0,7000.0,350.0,False,False,False,3835,3594,241,0.9371577574967406,1.06,-7.52,1662.63,3,0.396738,0.664851,-0.003694,-0.001088,812.0,-28847.0,1946,974,453,462,3576,202,57
55,depth_1,20.0,100.0,1,2,0,1000.0,50.0,True,True,True,4845,3451,1394,0.712280701754386,2.25,-2.98,631.89,7,0.391054,0.661671,-0.003857,-0.00299,2185.0,-14460.5,2437,2408,0,0,3432,1361,52
28,depth_0,15.0,90.0,1,1,0,450.0,22.5,True,True,True,7620,4574,3046,0.600262467191601,1.69,-1.81,367.85,9,0.384063,0.657731,-0.004008,-0.005338,2582.0,-13760.0,7620,0,0,0,4556,3015,49
46,depth_3,15.0,262.0,3,8,0,10480.0,524.0,False,False,False,6011,5804,207,0.9655631342538679,-0.47,-9.05,1768.01,2,0.396531,0.664736,-0.004178,-0.001158,-564.0,-54375.0,3120,1431,733,727,5791,163,57
100,depth_0,30.0,180.0,1,1,0,900.0,45.0,True,True,True,1991,1186,805,0.5956805625313912,-0.26,-3.76,727.43,14,0.391486,0.661914,-0.004225,-0.002845,-105.0,-7493.5,1991,0,0,0,1166,771,54
87,depth_2,25.0,300.0,2,4,0,6000.0,300.0,False,False,False,2236,2033,203,0.9092128801431127,-1.86,-8.83,1705.07,2,0.39636,0.66464,-0.004227,-0.001215,-830.0,-19739.0,1132,547,557,0,2017,163,56
63,depth_2,20.0,240.0,2,4,0,4800.0,240.0,False,False,False,3544,3241,303,0.9145033860045146,-0.31,-7.17,1374.58,3,0.39545,0.664132,-0.004261,-0.001519,-222.0,-25424.5,1817,889,838,0,3221,265,58
71,depth_3,20.0,420.0,3,8,0,16800.0,840.0,False,False,False,3302,3190,112,0.9660811629315567,-6.37,-14.93,2568.91,2,0.397288,0.665158,-0.004744,-0.000905,-4209.0,-49290.0,1698,828,373,403,3171,73,58
98,depth_0,30.0,90.0,1,1,0,450.0,22.5,True,True,True,3097,1330,1767,0.4294478527607362,0.34,-3.16,517.45,12,0.385915,0.658778,-0.00498,-0.004715,213.0,-9774.5,3097,0,0,0,1307,1743,47
77,depth_0,25.0,200.0,1,1,0,1000.0,50.0,True,True,True,2259,1490,769,0.6595838866755201,-1.0,-4.5,701.01,8,0.389046,0.660543,-0.005242,-0.003663,-452.0,-10166.5,2259,0,0,0,1474,732,53
45,depth_3,15.0,210.0,3,8,0,8400.0,420.0,False,False,False,6294,6036,258,0.9590085795996187,-3.11,-11.7,1595.73,2,0.394494,0.663598,-0.005988,-0.001838,-3914.0,-73652.0,3236,1526,773,759,6020,216,58
58,depth_1,20.0,200.0,1,2,0,2000.0,100.0,True,True,True,3569,2947,622,0.8257214906136172,-1.69,-6.89,891.26,4,0.389621,0.660866,-0.006314,-0.00347,-1203.0,-24596.5,1829,1740,0,0,2932,583,54
1,depth_0,10.0,20.0,1,1,0,100.0,5.0,True,True,True,34393,11736,22657,0.3412322274881517,2.12,-1.38,144.74,18,0.323399,0.621951,-0.007779,-0.02633,14590.0,-47425.5,34393,0,0,0,11712,22647,34
61,depth_2,20.0,150.0,2,4,0,3000.0,150.0,False,False,False,3990,3491,499,0.874937343358396,-3.82,-10.72,1096.36,4,0.389331,0.660703,-0.007984,-0.003568,-3046.0,-42775.0,2046,976,968,0,3470,464,56
111,depth_2,30.0,360.0,2,4,0,7200.0,360.0,False,False,False,1577,1425,152,0.9036144578313253,-13.98,-20.88,2044.86,3,0.394018,0.663332,-0.008337,-0.001997,-4410.0,-32928.0,814,379,384,0,1407,113,57
25,depth_0,15.0,30.0,1,1,0,150.0,7.5,True,True,True,15487,5223,10264,0.33725059727513396,1.21,-2.29,214.26,19,0.341368,0.632881,-0.008735,-0.019973,3741.0,-35499.5,15487,0,0,0,5197,10250,40
62,depth_2,20.0,180.0,2,4,0,3600.0,180.0,False,False,False,3840,3423,417,0.89140625,-6.23,-13.17,1203.31,3,0.389118,0.660584,-0.008938,-0.003639,-4782.0,-50583.5,1945,952,943,0,3402,381,57
29,depth_0,15.0,120.0,1,1,0,600.0,30.0,True,True,True,5996,3967,2029,0.6616077384923282,-1.35,-4.85,424.96,7,0.36808,0.648595,-0.009327,-0.010752,-1624.0,-29106.0,5996,0,0,0,3951,1993,52
115,depth_3,30.0,262.0,3,8,0,10480.0,524.0,False,False,False,1723,1593,130,0.9245502031340684,-20.28,-28.71,2489.34,3,0.394449,0.663573,-0.009417,-0.001853,-6987.0,-49470.5,897,414,217,195,1576,90,57
24,depth_0,15.0,15.0,1,1,0,75.0,3.75,True,True,True,19654,4072,15582,0.20718428818561108,1.68,-1.82,153.56,37,0.310679,0.614016,-0.009692,-0.030921,6593.0,-35824.0,19654,0,0,0,4058,15577,19
104,depth_1,30.0,180.0,1,2,0,1800.0,90.0,True,True,True,2014,1486,528,0.7378351539225422,-7.38,-12.55,1031.87,5,0.38591,0.658776,-0.009934,-0.004716,-2973.0,-25284.5,1051,963,0,0,1469,490,55
108,depth_2,30.0,180.0,2,4,0,3600.0,180.0,False,False,False,2014,1486,528,0.7378351539225422,-7.38,-12.55,1031.87,5,0.38591,0.658776,-0.009934,-0.004716,-2973.0,-25284.5,1051,963,0,0,1469,490,55
125,depth_0,50.0,400.0,1,1,0,2000.0,100.0,True,True,True,555,354,201,0.6378378378378379,-14.25,-17.75,1363.1,5,0.388574,0.660277,-0.010634,-0.003822,-1582.0,-9852.5,555,0,0,0,338,164,53
94,depth_3,25.0,438.0,3,8,0,17520.0,876.0,False,False,False,2146,2049,97,0.9547996272134203,-30.29,-38.95,2963.45,2,0.394686,0.663706,-0.010731,-0.001774,-13001.0,-83579.5,1083,530,275,258,2031,58,57
118,depth_3,30.0,525.0,3,8,0,21000.0,1050.0,False,False,False,1512,1429,83,0.9451058201058201,-37.28,-45.75,3475.14,2,0.395459,0.664138,-0.01075,-0.001515,-11272.0,-69180.5,799,360,170,183,1418,38,56
140,depth_3,50.0,525.0,3,8,0,21000.0,1050.0,False,False,False,578,515,63,0.8910034602076125,-52.05,-60.78,4172.42,3,0.395815,0.664336,-0.011894,-0.001397,-6017.0,-35132.0,298,138,67,75,501,20,57
120,depth_0,50.0,50.0,1,1,0,250.0,12.5,True,True,True,1775,359,1416,0.20225352112676057,-3.83,-7.33,495.12,29,0.364535,0.646543,-0.01209,-0.011962,-1360.0,-13012.5,1775,0,0,0,341,1414,20
92,depth_3,25.0,262.0,3,8,0,10480.0,524.0,False,False,False,2315,2170,145,0.937365010799136,-28.26,-36.95,2312.29,2,0.391728,0.662049,-0.013046,-0.002764,-13084.0,-85531.0,1162,594,269,290,2151,106,58
119,depth_3,30.0,630.0,3,8,0,25200.0,1260.0,False,False,False,1430,1353,77,0.9461538461538461,-53.42,-62.05,3785.65,2,0.394812,0.663776,-0.013383,-0.001732,-15279.0,-88732.5,753,334,160,183,1345,28,57
127,depth_1,50.0,250.0,1,2,0,2500.0,125.0,False,False,False,787,545,242,0.6925031766200762,-22.48,-27.59,1546.56,9,0.386215,0.658948,-0.014566,-0.004614,-3539.0,-21713.0,426,361,0,0,524,213,50
134,depth_2,50.0,450.0,2,4,0,9000.0,450.0,False,False,False,633,536,97,0.8467614533965245,-48.54,-55.21,2846.11,2,0.391841,0.662113,-0.015838,-0.002726,-6145.0,-34946.0,346,144,143,0,523,53,57
129,depth_1,50.0,400.0,1,2,0,4000.0,200.0,False,False,False,673,516,157,0.7667161961367014,-34.73,-39.78,1937.69,5,0.387333,0.659579,-0.016763,-0.004238,-4675.0,-26773.5,375,298,0,0,495,121,57
97,depth_0,30.0,60.0,1,1,0,300.0,15.0,True,True,True,3839,1266,2573,0.3297733784839802,-5.16,-8.66,421.6,23,0.342726,0.633694,-0.01678,-0.019498,-3965.0,-33261.5,3839,0,0,0,1240,2560,39
117,depth_3,30.0,420.0,3,8,0,16800.0,840.0,False,False,False,1601,1505,96,0.9400374765771393,-62.36,-70.75,3207.48,2,0.391768,0.662072,-0.01801,-0.002751,-19967.0,-113268.0,852,373,192,184,1489,54,58
139,depth_3,50.0,438.0,3,8,0,17520.0,876.0,False,False,False,597,528,69,0.8844221105527639,-80.68,-89.37,3930.85,4,0.393073,0.662804,-0.018563,-0.002313,-9633.0,-53352.0,310,144,65,78,513,26,58
66,depth_3,20.0,140.0,3,8,0,5600.0,280.0,False,False,False,4032,3476,556,0.8621031746031746,-18.02,-24.94,1075.71,4,0.374348,0.6522,-0.018929,-0.008621,-14532.0,-100551.5,2067,979,986,0,3460,517,55
95,depth_3,25.0,525.0,3,8,0,21000.0,1050.0,False,False,False,1995,1905,90,0.9548872180451128,-78.91,-87.51,3368.47,2,0.39077,0.661512,-0.021212,-0.003085,-31487.0,-174585.0,1024,478,256,237,1889,48,58
113,depth_2,30.0,540.0,2,4,0,10800.0,540.0,False,False,False,1365,1249,116,0.915018315018315,-62.34,-69.15,2554.12,3,0.387327,0.659575,-0.022106,-0.00424,-17020.0,-94392.5,715,330,320,0,1238,69,58
112,depth_2,30.0,450.0,2,4,0,9000.0,450.0,False,False,False,1461,1333,128,0.9123887748117727,-56.85,-63.71,2337.79,2,0.386069,0.658866,-0.022251,-0.004663,-16612.0,-93080.5,769,337,355,0,1317,86,58
0,depth_0,10.0,10.0,1,1,0,50.0,2.5,True,True,True,43388,8954,34434,0.2063704250023048,0.57,-2.93,103.44,34,0.137464,0.477018,-0.023148,-0.109632,4925.0,-127233.0,43388,0,0,0,8930,34429,29
116,depth_3,30.0,315.0,3,8,0,12600.0,630.0,False,False,False,1680,1560,120,0.9285714285714286,-76.52,-84.94,2834.22,3,0.387359,0.659593,-0.024469,-0.004229,-25710.0,-142693.5,895,399,185,201,1544,79,57
89,depth_2,25.0,450.0,2,4,0,9000.0,450.0,False,False,False,1946,1800,146,0.9249743062692704,-58.26,-65.19,2174.52,3,0.383539,0.657435,-0.024476,-0.005514,-22676.0,-126851.5,999,469,478,0,1785,103,58
135,depth_2,50.0,600.0,2,4,0,12000.0,600.0,False,False,False,575,495,80,0.8608695652173913,-92.2,-99.01,3292.3,4,0.389074,0.660559,-0.024555,-0.003654,-10603.0,-56931.5,299,142,134,0,482,36,57
93,depth_3,25.0,350.0,3,8,0,14000.0,700.0,False,False,False,2262,2136,126,0.9442970822281167,-84.35,-92.97,2802.4,3,0.385854,0.658744,-0.027087,-0.004735,-38160.0,-210298.5,1151,564,271,276,2118,86,58
131,depth_1,50.0,600.0,1,2,0,6000.0,300.0,False,False,False,535,428,107,0.8,-79.73,-84.81,2358.38,4,0.381805,0.656452,-0.029361,-0.006099,-8531.0,-45371.0,294,241,0,0,413,66,56
48,depth_0,20.0,20.0,1,1,0,100.0,5.0,True,True,True,11097,2163,8934,0.1949175452825088,-3.78,-7.28,198.78,37,0.205035,0.53917,-0.02992,-0.073739,-8399.0,-80834.5,11097,0,0,0,2145,8931,21
138,depth_3,50.0,350.0,3,8,0,14000.0,700.0,False,False,False,679,560,119,0.8247422680412371,-95.97,-102.5,2620.25,3,0.382181,0.656665,-0.031941,-0.005972,-13033.0,-69599.5,383,150,146,0,542,82,55
101,depth_0,30.0,240.0,1,1,0,1200.0,60.0,True,True,True,1485,946,539,0.6370370370370371,-38.26,-41.76,848.21,8,0.332149,0.627312,-0.040198,-0.023217,-11363.0,-62012.5,1485,0,0,0,928,501,56
133,depth_2,50.0,375.0,2,4,0,7500.0,375.0,False,False,False,643,529,114,0.8227060653188181,-130.17,-136.88,2728.42,3,0.378085,0.654336,-0.040963,-0.007355,-16740.0,-88015.5,347,149,147,0,515,72,56
122,depth_0,50.0,150.0,1,1,0,750.0,37.5,True,True,True,1113,461,652,0.4141958670260557,-39.66,-43.16,846.37,9,0.329658,0.625794,-0.041635,-0.0241,-8828.0,-48035.5,1113,0,0,0,430,640,43
123,depth_0,50.0,200.0,1,1,0,1000.0,50.0,True,True,True,910,427,483,0.46923076923076923,-59.57,-63.07,974.77,8,0.322787,0.621573,-0.052826,-0.026549,-10841.0,-57390.0,910,0,0,0,403,455,52
126,depth_1,50.0,200.0,1,2,0,2000.0,100.0,True,True,True,910,427,483,0.46923076923076923,-59.57,-63.07,974.77,8,0.322787,0.621573,-0.052826,-0.026549,-10841.0,-57390.0,910,0,0,0,403,455,52
130,depth_1,50.0,500.0,1,2,0,5000.0,250.0,False,False,False,564,430,134,0.7624113475177305,-194.64,-199.77,2268.21,4,0.354144,0.640471,-0.071914,-0.015532,-21955.0,-112673.0,300,264,0,0,414,95,55
