trade_id,seg_model_group,period,datetime,direction,F10_PriorPenetration,F04_CascadeState,F01_Timeframe,F21_ZoneAge,acal_score,acal_threshold,score_margin,trend_label,SBB_label,entry_price,exit_price,exit_type,pnl_ticks,bars_held,mfe_ticks,mae_ticks
1,seg3_ModeB,P2a,2025-12-17 18:14:55,LONG,215.0,PRIOR_HELD,30m,53,18.62,16.66,1.9600000000000009,CT,NORMAL,24963.5,24916.0,STOP,-193.0,16,56.0,223.0
2,seg3_ModeB,P2a,2025-12-18 13:49:31,SHORT,197.0,PRIOR_HELD,30m,418,18.62,16.66,1.9600000000000009,CT,NORMAL,25349.5,25329.5,TARGET,77.0,43,97.0,72.0
3,seg3_ModeB,P2a,2025-12-19 08:32:04,LONG,96.0,PRIOR_HELD,90m,153,16.900000000000002,16.66,0.240000000000002,CT,NORMAL,25305.75,25325.75,TARGET,77.0,6,92.0,54.0
4,seg3_ModeB,P2a,2025-12-19 11:55:58,LONG,57.0,PRIOR_HELD,30m,141,18.62,16.66,1.9600000000000009,CT,NORMAL,25510.75,25530.75,TARGET,77.0,16,83.0,35.0
5,seg3_ModeB,P2a,2025-12-22 14:57:24,LONG,149.0,PRIOR_HELD,15m,121,16.900000000000002,16.66,0.240000000000002,CT,NORMAL,25692.25,25691.5,TIMECAP,-6.0,120,45.0,52.0
6,seg3_ModeB,P2a,2026-01-02 15:55:00,LONG,56.0,PRIOR_HELD,120m,219,16.900000000000002,16.66,0.240000000000002,CT,NORMAL,25377.75,25397.75,TARGET,77.0,67,81.0,63.0
7,seg3_ModeB,P2a,2026-01-04 21:37:37,LONG,15.0,PRIOR_BROKE,30m,35,17.86,16.66,1.1999999999999993,CT,NORMAL,25460.0,25480.0,TARGET,77.0,3,80.0,31.0
8,seg3_ModeB,P2a,2026-01-05 09:39:04,LONG,119.0,PRIOR_HELD,60m,222,16.900000000000002,16.66,0.240000000000002,CT,NORMAL,25571.0,25591.0,TARGET,77.0,49,90.0,130.0
9,seg3_ModeB,P2a,2026-01-05 09:49:03,LONG,75.0,NO_PRIOR,60m,334,19.87,16.66,3.210000000000001,CT,NORMAL,25573.75,25593.75,TARGET,77.0,10,97.0,56.0
10,seg3_ModeB,P2a,2026-01-05 09:57:18,LONG,75.0,NO_PRIOR,60m,398,19.87,16.66,3.210000000000001,CT,NORMAL,25572.75,25592.75,TARGET,77.0,9,89.0,20.0
11,seg3_ModeB,P2a,2026-01-05 10:01:29,LONG,75.0,PRIOR_HELD,90m,395,16.900000000000002,16.66,0.240000000000002,CT,NORMAL,25572.5,25592.5,TARGET,77.0,3,102.0,26.0
12,seg3_ModeB,P2a,2026-01-05 14:39:33,LONG,75.0,NO_PRIOR,60m,1259,17.66,16.66,1.0,CT,NORMAL,25570.5,25590.5,TARGET,77.0,76,85.0,84.0
13,seg3_ModeB,P2a,2026-01-07 09:05:21,LONG,22.0,PRIOR_BROKE,30m,31,17.86,16.66,1.1999999999999993,CT,NORMAL,25767.25,25787.25,TARGET,77.0,21,80.0,23.0
14,seg3_ModeB,P2a,2026-01-08 14:11:06,LONG,107.0,NO_PRIOR,15m,867,17.66,16.66,1.0,CT,NORMAL,25620.75,25640.75,TARGET,77.0,31,88.0,103.0
15,seg3_ModeB,P2a,2026-01-13 12:23:57,SHORT,161.0,NO_PRIOR,90m,33888,17.66,16.66,1.0,CT,NORMAL,25983.25,25963.25,TARGET,77.0,6,82.0,10.0
16,seg3_ModeB,P2a,2026-01-13 13:59:08,LONG,154.0,PRIOR_HELD,15m,728,16.900000000000002,16.66,0.240000000000002,CT,NORMAL,25840.5,25860.5,TARGET,77.0,55,91.0,77.0
17,seg3_ModeB,P2a,2026-01-13 15:10:59,LONG,154.0,NO_PRIOR,15m,926,17.66,16.66,1.0,CT,NORMAL,25843.5,25863.5,TARGET,77.0,102,90.0,161.0
18,seg3_ModeB,P2a,2026-01-14 13:36:09,LONG,57.0,NO_PRIOR,15m,15319,17.66,16.66,1.0,CT,NORMAL,25434.75,25454.75,TARGET,77.0,24,83.0,56.0
19,seg3_ModeB,P2a,2026-01-14 14:04:15,LONG,148.0,PRIOR_HELD,15m,50,16.900000000000002,16.66,0.240000000000002,CT,NORMAL,25497.0,25517.0,TARGET,77.0,38,96.0,44.0
20,seg3_ModeB,P2a,2026-01-14 14:56:10,LONG,148.0,NO_PRIOR,15m,162,19.87,16.66,3.210000000000001,CT,NORMAL,25502.75,25522.75,TARGET,77.0,32,107.0,169.0
21,seg3_ModeB,P2a,2026-01-15 11:36:21,SHORT,151.0,PRIOR_HELD,30m,643,18.62,16.66,1.9600000000000009,CT,NORMAL,25896.75,25895.25,TIMECAP,3.0,120,28.0,165.0
22,seg3_ModeB,P2a,2026-01-15 12:18:46,SHORT,151.0,NO_PRIOR,30m,764,21.590000000000003,16.66,4.930000000000003,CT,NORMAL,25900.75,25880.75,TARGET,77.0,25,93.0,37.0
23,seg3_ModeB,P2a,2026-01-15 15:39:25,LONG,67.0,NO_PRIOR,30m,1949,19.380000000000003,16.66,2.7200000000000024,CT,NORMAL,25694.0,25714.0,TARGET,77.0,12,86.0,28.0
24,seg3_ModeB,P2a,2026-01-20 15:59:52,LONG,103.0,PRIOR_HELD,15m,86,16.900000000000002,16.66,0.240000000000002,CT,NORMAL,25131.25,25151.25,TARGET,77.0,28,86.0,16.0
25,seg3_ModeB,P2a,2026-01-20 16:33:16,LONG,103.0,PRIOR_HELD,15m,164,16.900000000000002,16.66,0.240000000000002,CT,NORMAL,25130.0,25150.0,TARGET,77.0,16,88.0,30.0
26,seg3_ModeB,P2a,2026-01-22 07:23:34,SHORT,204.0,PRIOR_HELD,15m,28,19.11,16.66,2.4499999999999993,CT,NORMAL,25687.0,25734.5,STOP,-193.0,69,63.0,198.0
27,seg3_ModeB,P2a,2026-01-22 13:17:50,SHORT,129.0,PRIOR_HELD,90m,678,16.900000000000002,16.66,0.240000000000002,CT,NORMAL,25691.75,25671.75,TARGET,77.0,71,86.0,73.0
28,seg3_ModeB,P2a,2026-01-22 14:03:32,SHORT,161.0,PRIOR_HELD,90m,766,16.900000000000002,16.66,0.240000000000002,CT,NORMAL,25691.25,25671.25,TARGET,77.0,82,82.0,96.0
29,seg3_ModeB,P2b,2026-01-28 07:48:57,SHORT,27.0,PRIOR_BROKE,30m,33,17.86,16.66,1.1999999999999993,CT,NORMAL,26299.25,26279.25,TARGET,77.0,14,94.0,27.0
30,seg3_ModeB,P2b,2026-01-29 06:58:30,SHORT,68.0,PRIOR_BROKE,30m,26,17.86,16.66,1.1999999999999993,CT,NORMAL,26206.0,26186.0,TARGET,77.0,15,112.0,63.0
31,seg3_ModeB,P2b,2026-01-29 18:33:51,SHORT,152.0,PRIOR_HELD,60m,31,19.11,16.66,2.4499999999999993,CT,NORMAL,25990.0,25970.0,TARGET,77.0,12,113.0,120.0
32,seg3_ModeB,P2b,2026-01-30 15:59:01,SHORT,142.0,PRIOR_HELD,60m,298,16.900000000000002,16.66,0.240000000000002,CT,NORMAL,25668.0,25648.0,TARGET,77.0,71,101.0,156.0
33,seg3_ModeB,P2b,2026-01-30 16:23:02,SHORT,142.0,PRIOR_HELD,60m,404,16.900000000000002,16.66,0.240000000000002,CT,NORMAL,25666.25,25646.25,TARGET,77.0,6,92.0,41.0
34,seg3_ModeB,P2b,2026-02-03 14:25:50,LONG,220.0,PRIOR_HELD,15m,101,16.900000000000002,16.66,0.240000000000002,CT,NORMAL,25293.75,25313.75,TARGET,77.0,14,81.0,61.0
35,seg3_ModeB,P2b,2026-02-03 14:29:46,LONG,220.0,PRIOR_HELD,15m,123,16.900000000000002,16.66,0.240000000000002,CT,NORMAL,25295.75,25315.75,TARGET,77.0,5,95.0,36.0
36,seg3_ModeB,P2b,2026-02-03 14:32:45,LONG,220.0,PRIOR_HELD,15m,145,16.900000000000002,16.66,0.240000000000002,CT,NORMAL,25281.5,25301.5,TARGET,77.0,4,86.0,4.0
37,seg3_ModeB,P2b,2026-02-03 14:38:45,LONG,220.0,PRIOR_HELD,15m,167,16.900000000000002,16.66,0.240000000000002,CT,NORMAL,25290.0,25242.5,STOP,-193.0,43,35.0,205.0
38,seg3_ModeB,P2b,2026-02-03 15:15:18,LONG,99.0,PRIOR_HELD,15m,85,16.900000000000002,16.66,0.240000000000002,CT,NORMAL,25284.0,25304.0,TARGET,77.0,5,87.0,0.0
39,seg3_ModeB,P2b,2026-02-03 15:20:52,LONG,32.0,PRIOR_HELD,15m,107,16.900000000000002,16.66,0.240000000000002,CT,NORMAL,25295.5,25315.5,TARGET,77.0,9,108.0,19.0
40,seg3_ModeB,P2b,2026-02-03 21:52:29,LONG,203.0,PRIOR_BROKE,30m,44,17.86,16.66,1.1999999999999993,CT,NORMAL,25411.75,25431.75,TARGET,77.0,5,85.0,49.0
41,seg3_ModeB,P2b,2026-02-04 13:32:37,LONG,160.0,PRIOR_HELD,15m,54,16.900000000000002,16.66,0.240000000000002,CT,NORMAL,24871.5,24891.5,TARGET,77.0,14,101.0,77.0
42,seg3_ModeB,P2b,2026-02-04 13:38:12,LONG,160.0,PRIOR_HELD,15m,80,16.900000000000002,16.66,0.240000000000002,CT,NORMAL,24879.5,24899.5,TARGET,77.0,14,85.0,46.0
43,seg3_ModeB,P2b,2026-02-04 13:53:37,LONG,160.0,PRIOR_HELD,15m,142,16.900000000000002,16.66,0.240000000000002,CT,NORMAL,24870.75,24890.75,TARGET,77.0,2,99.0,2.0
44,seg3_ModeB,P2b,2026-02-04 14:05:11,LONG,40.0,PRIOR_HELD,15m,206,16.900000000000002,16.66,0.240000000000002,CT,NORMAL,24874.0,24894.0,TARGET,77.0,20,91.0,41.0
45,seg3_ModeB,P2b,2026-02-04 16:02:56,LONG,190.0,PRIOR_HELD,15m,459,16.900000000000002,16.66,0.240000000000002,CT,NORMAL,24930.5,24883.0,STOP,-193.0,9,42.0,196.0
46,seg3_ModeB,P2b,2026-02-10 10:58:31,SHORT,31.0,PRIOR_HELD,30m,52,18.62,16.66,1.9600000000000009,CT,NORMAL,25391.0,25371.0,TARGET,77.0,6,90.0,21.0
47,seg3_ModeB,P2b,2026-02-10 11:17:28,SHORT,31.0,NO_PRIOR,30m,114,21.590000000000003,16.66,4.930000000000003,CT,NORMAL,25389.75,25369.75,TARGET,77.0,11,97.0,20.0
48,seg3_ModeB,P2b,2026-02-12 20:05:51,SHORT,180.0,PRIOR_HELD,30m,35,20.83,16.66,4.169999999999998,CT,NORMAL,24787.5,24767.5,TARGET,77.0,38,90.0,135.0
49,seg3_ModeB,P2b,2026-02-13 10:21:43,LONG,100.0,PRIOR_BROKE,30m,49,17.86,16.66,1.1999999999999993,CT,NORMAL,24743.75,24763.75,TARGET,77.0,3,80.0,21.0
50,seg3_ModeB,P2b,2026-02-13 16:51:58,LONG,14.0,NO_PRIOR,90m,1373,17.66,16.66,1.0,CT,NORMAL,24773.75,24793.75,TARGET,77.0,5,214.0,11.0
51,seg3_ModeB,P2b,2026-02-18 09:48:15,LONG,161.0,PRIOR_BROKE,30m,33,17.86,16.66,1.1999999999999993,CT,NORMAL,24833.0,24853.0,TARGET,77.0,40,84.0,164.0
52,seg3_ModeB,P2b,2026-02-20 14:54:18,LONG,80.0,PRIOR_HELD,30m,184,18.62,16.66,1.9600000000000009,CT,NORMAL,25036.5,25056.5,TARGET,77.0,24,82.0,82.0
53,seg3_ModeB,P2b,2026-02-24 14:11:02,LONG,107.0,NO_PRIOR,15m,320,19.87,16.66,3.210000000000001,CT,NORMAL,25013.5,25033.5,TARGET,77.0,74,80.0,100.0
54,seg3_ModeB,P2b,2026-02-24 15:05:37,LONG,93.0,PRIOR_HELD,15m,442,16.900000000000002,16.66,0.240000000000002,CT,NORMAL,25014.25,25034.25,TARGET,77.0,98,93.0,78.0
55,seg3_ModeB,P2b,2026-02-24 16:05:04,LONG,93.0,NO_PRIOR,15m,668,19.87,16.66,3.210000000000001,CT,NORMAL,25019.75,25039.75,TARGET,77.0,53,101.0,111.0
56,seg3_ModeB,P2b,2026-02-26 15:52:38,SHORT,165.0,NO_PRIOR,30m,102,21.590000000000003,16.66,4.930000000000003,CT,NORMAL,25049.25,25039.75,TIMECAP,35.0,120,38.0,163.0
57,seg3_ModeB,P2b,2026-02-26 16:51:59,SHORT,165.0,NO_PRIOR,30m,226,21.590000000000003,16.66,4.930000000000003,CT,NORMAL,25049.25,25029.25,TARGET,77.0,4,83.0,0.0
58,seg3_ModeB,P2b,2026-02-26 19:43:23,LONG,48.0,PRIOR_HELD,60m,504,16.900000000000002,16.66,0.240000000000002,CT,NORMAL,24975.25,24995.25,TARGET,77.0,7,83.0,82.0
59,seg1_ModeA,P2a,2025-12-15 03:34:02,SHORT,554.0,NO_PRIOR,15m,38,17.080000000000002,16.66,0.4200000000000017,WT,NORMAL,25519.75,25567.25,STOP,-193.0,9,9.0,198.0
60,seg1_ModeA,P2a,2025-12-15 14:58:35,SHORT,38.0,PRIOR_HELD,15m,177,16.900000000000002,16.66,0.240000000000002,WT,NORMAL,25398.75,25383.75,TARGET,57.0,5,85.0,25.0
61,seg1_ModeA,P2a,2025-12-17 18:14:55,LONG,215.0,PRIOR_HELD,30m,53,18.62,16.66,1.9600000000000009,CT,NORMAL,24963.5,24916.0,STOP,-193.0,16,56.0,223.0
62,seg1_ModeA,P2a,2025-12-18 12:58:54,SHORT,197.0,PRIOR_HELD,30m,263,18.62,16.66,1.9600000000000009,WT,NORMAL,25350.0,25335.0,TARGET,57.0,12,81.0,27.0
63,seg1_ModeA,P2a,2025-12-18 13:09:04,SHORT,197.0,PRIOR_HELD,30m,301,18.62,16.66,1.9600000000000009,WT,NORMAL,25346.25,25393.75,STOP,-193.0,77,28.0,198.0
64,seg1_ModeA,P2a,2025-12-18 13:49:31,SHORT,197.0,PRIOR_HELD,30m,418,18.62,16.66,1.9600000000000009,CT,NORMAL,25349.5,25334.5,TARGET,57.0,18,65.0,72.0
65,seg1_ModeA,P2a,2025-12-18 15:35:00,SHORT,153.0,NO_PRIOR,60m,964,17.66,16.66,1.0,WT,NORMAL,25321.0,25306.0,TARGET,57.0,11,67.0,24.0
66,seg1_ModeA,P2a,2025-12-19 08:32:04,LONG,96.0,PRIOR_HELD,90m,153,16.900000000000002,16.66,0.240000000000002,CT,NORMAL,25305.75,25320.75,TARGET,57.0,6,92.0,54.0
67,seg1_ModeA,P2a,2025-12-19 11:55:58,LONG,57.0,PRIOR_HELD,30m,141,18.62,16.66,1.9600000000000009,CT,NORMAL,25510.75,25525.75,TARGET,57.0,16,83.0,35.0
68,seg1_ModeA,P2a,2025-12-22 11:50:44,SHORT,131.0,PRIOR_HELD,15m,27,19.11,16.66,2.4499999999999993,WT,NORMAL,25704.0,25689.0,TARGET,57.0,99,66.0,59.0
69,seg1_ModeA,P2a,2025-12-22 14:24:05,LONG,149.0,NO_PRIOR,15m,73,19.87,16.66,3.210000000000001,WT,NORMAL,25694.75,25709.75,TARGET,57.0,15,62.0,19.0
70,seg1_ModeA,P2a,2025-12-22 14:57:24,LONG,149.0,PRIOR_HELD,15m,121,16.900000000000002,16.66,0.240000000000002,CT,NORMAL,25692.25,25691.5,TIMECAP,-6.0,120,45.0,52.0
71,seg1_ModeA,P2a,2025-12-24 12:59:37,LONG,96.0,PRIOR_BROKE,30m,33,17.86,16.66,1.1999999999999993,WT,SBB,25880.25,25895.25,TARGET,57.0,33,68.0,111.0
72,seg1_ModeA,P2a,2025-12-26 12:30:49,SHORT,70.0,NO_PRIOR,15m,145,19.87,16.66,3.210000000000001,WT,NORMAL,25878.75,25863.75,TARGET,57.0,9,65.0,8.0
73,seg1_ModeA,P2a,2025-12-26 13:06:12,SHORT,70.0,PRIOR_HELD,15m,189,16.900000000000002,16.66,0.240000000000002,WT,NORMAL,25881.5,25866.5,TARGET,57.0,11,66.0,2.0
74,seg1_ModeA,P2a,2026-01-02 15:55:00,LONG,56.0,PRIOR_HELD,120m,219,16.900000000000002,16.66,0.240000000000002,CT,NORMAL,25377.75,25392.75,TARGET,57.0,27,72.0,63.0
75,seg1_ModeA,P2a,2026-01-04 21:37:37,LONG,15.0,PRIOR_BROKE,30m,35,17.86,16.66,1.1999999999999993,CT,NORMAL,25460.0,25475.0,TARGET,57.0,3,80.0,31.0
76,seg1_ModeA,P2a,2026-01-05 01:30:33,LONG,60.0,PRIOR_BROKE,30m,36,17.86,16.66,1.1999999999999993,WT,NORMAL,25478.0,25493.0,TARGET,57.0,4,72.0,37.0
77,seg1_ModeA,P2a,2026-01-05 09:39:04,LONG,119.0,PRIOR_HELD,60m,222,16.900000000000002,16.66,0.240000000000002,CT,NORMAL,25571.0,25586.0,TARGET,57.0,12,66.0,40.0
78,seg1_ModeA,P2a,2026-01-05 09:41:47,LONG,119.0,PRIOR_HELD,90m,226,16.900000000000002,16.66,0.240000000000002,CT,NORMAL,25570.25,25585.25,TARGET,57.0,3,75.0,24.0
79,seg1_ModeA,P2a,2026-01-05 09:42:47,LONG,94.0,PRIOR_HELD,30m,252,18.62,16.66,1.9600000000000009,CT,NORMAL,25567.5,25582.5,TARGET,57.0,5,84.0,29.0
80,seg1_ModeA,P2a,2026-01-05 09:49:03,LONG,75.0,NO_PRIOR,60m,334,19.87,16.66,3.210000000000001,CT,NORMAL,25573.75,25588.75,TARGET,57.0,9,77.0,56.0
81,seg1_ModeA,P2a,2026-01-05 09:57:18,LONG,75.0,NO_PRIOR,60m,398,19.87,16.66,3.210000000000001,CT,NORMAL,25572.75,25587.75,TARGET,57.0,3,79.0,20.0
82,seg1_ModeA,P2a,2026-01-07 09:05:21,LONG,22.0,PRIOR_BROKE,30m,31,17.86,16.66,1.1999999999999993,CT,NORMAL,25767.25,25782.25,TARGET,57.0,10,63.0,23.0
83,seg1_ModeA,P2a,2026-01-07 20:22:10,SHORT,55.0,PRIOR_BROKE,30m,35,17.86,16.66,1.1999999999999993,WT,NORMAL,25829.75,25814.75,TARGET,57.0,16,82.0,43.0
84,seg1_ModeA,P2a,2026-01-13 13:59:08,LONG,154.0,PRIOR_HELD,15m,728,16.900000000000002,16.66,0.240000000000002,CT,NORMAL,25840.5,25855.5,TARGET,57.0,54,74.0,77.0
85,seg1_ModeA,P2a,2026-01-13 14:17:25,LONG,154.0,NO_PRIOR,15m,790,19.87,16.66,3.210000000000001,WT,NORMAL,25842.0,25857.0,TARGET,57.0,8,62.0,16.0
86,seg1_ModeA,P2a,2026-01-13 14:26:24,LONG,154.0,PRIOR_HELD,15m,819,16.900000000000002,16.66,0.240000000000002,WT,NORMAL,25843.0,25858.0,TARGET,57.0,3,60.0,11.0
87,seg1_ModeA,P2a,2026-01-13 15:10:59,LONG,154.0,NO_PRIOR,15m,926,17.66,16.66,1.0,CT,NORMAL,25843.5,25858.5,TARGET,57.0,95,61.0,161.0
88,seg1_ModeA,P2a,2026-01-14 13:36:09,LONG,57.0,NO_PRIOR,15m,15319,17.66,16.66,1.0,CT,NORMAL,25434.75,25449.75,TARGET,57.0,20,66.0,56.0
89,seg1_ModeA,P2a,2026-01-14 14:04:15,LONG,148.0,PRIOR_HELD,15m,50,16.900000000000002,16.66,0.240000000000002,CT,NORMAL,25497.0,25512.0,TARGET,57.0,35,72.0,44.0
90,seg1_ModeA,P2a,2026-01-14 14:56:10,LONG,148.0,NO_PRIOR,15m,162,19.87,16.66,3.210000000000001,CT,NORMAL,25502.75,25517.75,TARGET,57.0,31,75.0,169.0
91,seg1_ModeA,P2a,2026-01-15 09:54:35,SHORT,151.0,PRIOR_HELD,30m,92,18.62,16.66,1.9600000000000009,WT,NORMAL,25899.25,25884.25,TARGET,57.0,22,81.0,75.0
92,seg1_ModeA,P2a,2026-01-15 11:12:51,SHORT,151.0,PRIOR_HELD,60m,431,16.900000000000002,16.66,0.240000000000002,WT,NORMAL,25899.75,25884.75,TARGET,57.0,76,61.0,129.0
93,seg1_ModeA,P2a,2026-01-15 11:49:23,SHORT,52.0,PRIOR_HELD,15m,602,16.900000000000002,16.66,0.240000000000002,WT,NORMAL,25923.25,25908.25,TARGET,57.0,22,65.0,56.0
94,seg1_ModeA,P2a,2026-01-15 11:58:09,SHORT,52.0,PRIOR_HELD,15m,636,16.900000000000002,16.66,0.240000000000002,WT,NORMAL,25922.0,25907.0,TARGET,57.0,43,62.0,64.0
95,seg1_ModeA,P2a,2026-01-15 15:39:25,LONG,67.0,NO_PRIOR,30m,1949,19.380000000000003,16.66,2.7200000000000024,CT,NORMAL,25694.0,25709.0,TARGET,57.0,7,67.0,28.0
96,seg1_ModeA,P2a,2026-01-16 09:01:16,SHORT,217.0,PRIOR_BROKE,30m,42,17.86,16.66,1.1999999999999993,WT,SBB,25834.25,25881.75,STOP,-193.0,85,45.0,192.0
97,seg1_ModeA,P2a,2026-01-20 15:59:52,LONG,103.0,PRIOR_HELD,15m,86,16.900000000000002,16.66,0.240000000000002,CT,NORMAL,25131.25,25146.25,TARGET,57.0,25,63.0,16.0
98,seg1_ModeA,P2a,2026-01-20 16:33:16,LONG,103.0,PRIOR_HELD,15m,164,16.900000000000002,16.66,0.240000000000002,CT,NORMAL,25130.0,25145.0,TARGET,57.0,14,63.0,30.0
99,seg1_ModeA,P2a,2026-01-22 07:23:34,SHORT,204.0,PRIOR_HELD,15m,28,19.11,16.66,2.4499999999999993,CT,NORMAL,25687.0,25672.0,TARGET,57.0,3,62.0,15.0
100,seg1_ModeA,P2a,2026-01-22 08:13:38,SHORT,210.0,PRIOR_BROKE,30m,49,17.86,16.66,1.1999999999999993,WT,NORMAL,25680.5,25728.0,STOP,-193.0,33,9.0,197.0
101,seg1_ModeA,P2a,2026-01-22 12:08:26,SHORT,129.0,NO_PRIOR,90m,496,19.87,16.66,3.210000000000001,WT,NORMAL,25688.5,25673.5,TARGET,57.0,19,60.0,22.0
102,seg1_ModeA,P2a,2026-01-22 12:15:03,SHORT,129.0,PRIOR_HELD,90m,519,16.900000000000002,16.66,0.240000000000002,WT,NORMAL,25689.0,25674.0,TARGET,57.0,6,66.0,14.0
103,seg1_ModeA,P2a,2026-01-22 12:30:38,SHORT,129.0,PRIOR_HELD,90m,560,16.900000000000002,16.66,0.240000000000002,WT,NORMAL,25691.5,25694.75,TIMECAP,-16.0,120,48.0,128.0
104,seg1_ModeA,P2b,2026-01-28 07:48:57,SHORT,27.0,PRIOR_BROKE,30m,33,17.86,16.66,1.1999999999999993,CT,NORMAL,26299.25,26284.25,TARGET,57.0,1,67.0,2.0
105,seg1_ModeA,P2b,2026-01-29 06:58:30,SHORT,68.0,PRIOR_BROKE,30m,26,17.86,16.66,1.1999999999999993,CT,NORMAL,26206.0,26191.0,TARGET,57.0,11,70.0,63.0
106,seg1_ModeA,P2b,2026-01-29 18:33:51,SHORT,152.0,PRIOR_HELD,60m,31,19.11,16.66,2.4499999999999993,CT,NORMAL,25990.0,25975.0,TARGET,57.0,8,76.0,120.0
107,seg1_ModeA,P2b,2026-01-29 19:33:20,SHORT,152.0,PRIOR_HELD,60m,70,16.900000000000002,16.66,0.240000000000002,WT,NORMAL,25971.5,25956.5,TARGET,57.0,4,109.0,89.0
108,seg1_ModeA,P2b,2026-01-30 10:46:43,SHORT,46.0,NO_PRIOR,15m,1136,17.66,16.66,1.0,WT,NORMAL,25919.0,25904.0,TARGET,57.0,17,61.0,60.0
109,seg1_ModeA,P2b,2026-01-30 13:58:59,SHORT,93.0,PRIOR_HELD,30m,341,18.62,16.66,1.9600000000000009,WT,NORMAL,25755.5,25740.5,TARGET,57.0,8,66.0,65.0
110,seg1_ModeA,P2b,2026-01-30 14:02:14,SHORT,93.0,PRIOR_HELD,30m,363,18.62,16.66,1.9600000000000009,WT,NORMAL,25755.5,25740.5,TARGET,57.0,6,82.0,29.0
111,seg1_ModeA,P2b,2026-01-30 14:12:10,SHORT,93.0,PRIOR_HELD,30m,405,18.62,16.66,1.9600000000000009,WT,NORMAL,25760.0,25745.0,TARGET,57.0,2,77.0,14.0
112,seg1_ModeA,P2b,2026-01-30 14:21:49,SHORT,21.0,PRIOR_HELD,30m,442,18.62,16.66,1.9600000000000009,WT,NORMAL,25754.5,25739.5,TARGET,57.0,6,80.0,26.0
113,seg1_ModeA,P2b,2026-01-30 15:59:01,SHORT,142.0,PRIOR_HELD,60m,298,16.900000000000002,16.66,0.240000000000002,CT,NORMAL,25668.0,25653.0,TARGET,57.0,71,101.0,156.0
114,seg1_ModeA,P2b,2026-02-03 14:25:50,LONG,220.0,PRIOR_HELD,15m,101,16.900000000000002,16.66,0.240000000000002,CT,NORMAL,25293.75,25308.75,TARGET,57.0,14,81.0,61.0
115,seg1_ModeA,P2b,2026-02-03 14:29:46,LONG,220.0,PRIOR_HELD,15m,123,16.900000000000002,16.66,0.240000000000002,CT,NORMAL,25295.75,25310.75,TARGET,57.0,5,95.0,36.0
116,seg1_ModeA,P2b,2026-02-03 14:32:45,LONG,220.0,PRIOR_HELD,15m,145,16.900000000000002,16.66,0.240000000000002,CT,NORMAL,25281.5,25296.5,TARGET,57.0,3,62.0,4.0
117,seg1_ModeA,P2b,2026-02-03 14:38:45,LONG,220.0,PRIOR_HELD,15m,167,16.900000000000002,16.66,0.240000000000002,CT,NORMAL,25290.0,25242.5,STOP,-193.0,43,35.0,205.0
118,seg1_ModeA,P2b,2026-02-03 15:15:18,LONG,99.0,PRIOR_HELD,15m,85,16.900000000000002,16.66,0.240000000000002,CT,NORMAL,25284.0,25299.0,TARGET,57.0,3,71.0,0.0
119,seg1_ModeA,P2b,2026-02-03 15:20:52,LONG,32.0,PRIOR_HELD,15m,107,16.900000000000002,16.66,0.240000000000002,CT,NORMAL,25295.5,25310.5,TARGET,57.0,8,76.0,19.0
120,seg1_ModeA,P2b,2026-02-03 21:52:29,LONG,203.0,PRIOR_BROKE,30m,44,17.86,16.66,1.1999999999999993,CT,NORMAL,25411.75,25426.75,TARGET,57.0,5,85.0,49.0
121,seg1_ModeA,P2b,2026-02-04 13:32:37,LONG,160.0,PRIOR_HELD,15m,54,16.900000000000002,16.66,0.240000000000002,CT,NORMAL,24871.5,24886.5,TARGET,57.0,14,101.0,77.0
122,seg1_ModeA,P2b,2026-02-04 13:38:12,LONG,160.0,PRIOR_HELD,15m,80,16.900000000000002,16.66,0.240000000000002,CT,NORMAL,24879.5,24894.5,TARGET,57.0,7,66.0,46.0
123,seg1_ModeA,P2b,2026-02-04 13:45:18,LONG,160.0,PRIOR_HELD,15m,110,16.900000000000002,16.66,0.240000000000002,WT,NORMAL,24875.5,24890.5,TARGET,57.0,5,66.0,25.0
124,seg1_ModeA,P2b,2026-02-04 13:53:37,LONG,160.0,PRIOR_HELD,15m,142,16.900000000000002,16.66,0.240000000000002,CT,NORMAL,24870.75,24885.75,TARGET,57.0,2,99.0,2.0
125,seg1_ModeA,P2b,2026-02-04 16:02:56,LONG,190.0,PRIOR_HELD,15m,459,16.900000000000002,16.66,0.240000000000002,CT,NORMAL,24930.5,24883.0,STOP,-193.0,9,42.0,196.0
126,seg1_ModeA,P2b,2026-02-09 16:10:01,SHORT,126.0,PRIOR_HELD,15m,95,16.900000000000002,16.66,0.240000000000002,WT,NORMAL,25359.0,25344.0,TARGET,57.0,33,62.0,146.0
127,seg1_ModeA,P2b,2026-02-10 10:58:31,SHORT,31.0,PRIOR_HELD,30m,52,18.62,16.66,1.9600000000000009,CT,NORMAL,25391.0,25376.0,TARGET,57.0,5,65.0,21.0
128,seg1_ModeA,P2b,2026-02-10 11:17:28,SHORT,31.0,NO_PRIOR,30m,114,21.590000000000003,16.66,4.930000000000003,CT,NORMAL,25389.75,25374.75,TARGET,57.0,10,72.0,20.0
129,seg1_ModeA,P2b,2026-02-10 12:27:53,SHORT,91.0,PRIOR_HELD,15m,206,16.900000000000002,16.66,0.240000000000002,WT,NORMAL,25368.25,25353.25,TARGET,57.0,15,61.0,42.0
130,seg1_ModeA,P2b,2026-02-10 12:41:21,SHORT,91.0,PRIOR_HELD,15m,229,16.900000000000002,16.66,0.240000000000002,WT,NORMAL,25370.25,25355.25,TARGET,57.0,47,79.0,110.0
131,seg1_ModeA,P2b,2026-02-12 15:37:36,SHORT,183.0,PRIOR_HELD,120m,252,16.900000000000002,16.66,0.240000000000002,WT,NORMAL,24819.0,24804.0,TARGET,57.0,8,64.0,12.0
132,seg1_ModeA,P2b,2026-02-12 16:30:01,SHORT,183.0,PRIOR_HELD,120m,505,16.900000000000002,16.66,0.240000000000002,WT,NORMAL,24821.5,24806.5,TARGET,57.0,28,95.0,90.0
133,seg1_ModeA,P2b,2026-02-12 20:05:51,SHORT,180.0,PRIOR_HELD,30m,35,20.83,16.66,4.169999999999998,CT,NORMAL,24787.5,24772.5,TARGET,57.0,20,64.0,130.0
134,seg1_ModeA,P2b,2026-02-13 10:21:43,LONG,100.0,PRIOR_BROKE,30m,49,17.86,16.66,1.1999999999999993,CT,NORMAL,24743.75,24758.75,TARGET,57.0,3,80.0,21.0
135,seg1_ModeA,P2b,2026-02-18 09:48:15,LONG,161.0,PRIOR_BROKE,30m,33,17.86,16.66,1.1999999999999993,CT,NORMAL,24833.0,24848.0,TARGET,57.0,40,84.0,164.0
136,seg1_ModeA,P2b,2026-02-20 13:50:11,SHORT,119.0,PRIOR_HELD,15m,522,16.900000000000002,16.66,0.240000000000002,WT,NORMAL,25074.25,25059.25,TARGET,57.0,2,77.0,0.0
137,seg1_ModeA,P2b,2026-02-20 14:08:34,SHORT,105.0,NO_PRIOR,15m,581,19.87,16.66,3.210000000000001,WT,NORMAL,25090.0,25075.0,TARGET,57.0,5,76.0,13.0
138,seg1_ModeA,P2b,2026-02-20 14:54:18,LONG,80.0,PRIOR_HELD,30m,184,18.62,16.66,1.9600000000000009,CT,NORMAL,25036.5,25051.5,TARGET,57.0,20,62.0,82.0
139,seg1_ModeA,P2b,2026-02-24 14:11:02,LONG,107.0,NO_PRIOR,15m,320,19.87,16.66,3.210000000000001,CT,NORMAL,25013.5,25028.5,TARGET,57.0,62,68.0,100.0
140,seg1_ModeA,P2b,2026-02-24 15:05:37,LONG,93.0,PRIOR_HELD,15m,442,16.900000000000002,16.66,0.240000000000002,CT,NORMAL,25014.25,25029.25,TARGET,57.0,94,65.0,78.0
141,seg1_ModeA,P2b,2026-02-25 09:16:18,LONG,72.0,PRIOR_HELD,30m,27,20.83,16.66,4.169999999999998,WT,NORMAL,25150.0,25165.0,TARGET,57.0,30,73.0,81.0
142,seg1_ModeA,P2b,2026-02-26 15:32:17,SHORT,165.0,PRIOR_HELD,30m,41,20.83,16.66,4.169999999999998,WT,NORMAL,25051.5,25083.5,TIMECAP,-131.0,120,45.0,138.0
143,seg1_ModeA,P2b,2026-02-26 16:51:59,SHORT,165.0,NO_PRIOR,30m,226,21.590000000000003,16.66,4.930000000000003,CT,NORMAL,25049.25,25034.25,TARGET,57.0,3,70.0,0.0
144,seg1_ModeA,P2b,2026-02-26 19:43:23,LONG,48.0,PRIOR_HELD,60m,504,16.900000000000002,16.66,0.240000000000002,CT,NORMAL,24975.25,24990.25,TARGET,57.0,7,83.0,82.0
145,seg1_ModeA,P2b,2026-02-27 10:11:30,SHORT,197.0,NO_PRIOR,60m,587,19.87,16.66,3.210000000000001,WT,NORMAL,24984.0,24969.0,TARGET,57.0,15,60.0,38.0
146,seg1_ModeA,P2b,2026-02-27 10:24:39,SHORT,197.0,NO_PRIOR,60m,658,19.87,16.66,3.210000000000001,WT,NORMAL,24989.0,24974.0,TARGET,57.0,4,64.0,34.0
147,seg1_ModeA,P2b,2026-02-27 10:37:14,SHORT,197.0,NO_PRIOR,60m,712,19.87,16.66,3.210000000000001,WT,NORMAL,24988.75,24973.75,TARGET,57.0,4,66.0,25.0
148,seg1_ModeA,P2b,2026-02-27 10:43:11,SHORT,197.0,PRIOR_HELD,60m,734,16.900000000000002,16.66,0.240000000000002,WT,NORMAL,24985.0,24970.0,TARGET,57.0,39,66.0,129.0
149,seg1_ModeA,P2b,2026-03-02 06:16:02,LONG,174.0,PRIOR_HELD,15m,35,19.11,16.66,2.4499999999999993,WT,NORMAL,24642.0,24657.0,TARGET,57.0,2,83.0,28.0
150,seg2_ModeA,P2a,2025-12-15 03:34:02,SHORT,554.0,NO_PRIOR,15m,38,17.080000000000002,16.66,0.4200000000000017,WT,NORMAL,25519.75,25567.25,STOP,-193.0,9,9.0,198.0
151,seg2_ModeA,P2a,2025-12-15 14:58:35,SHORT,38.0,PRIOR_HELD,15m,177,16.900000000000002,16.66,0.240000000000002,WT,NORMAL,25398.75,25383.75,TARGET,57.0,5,85.0,25.0
152,seg2_ModeA,P2a,2025-12-17 18:14:55,LONG,215.0,PRIOR_HELD,30m,53,18.62,16.66,1.9600000000000009,CT,NORMAL,24963.5,24916.0,STOP,-193.0,16,56.0,223.0
153,seg2_ModeA,P2a,2025-12-18 12:58:54,SHORT,197.0,PRIOR_HELD,30m,263,18.62,16.66,1.9600000000000009,WT,NORMAL,25350.0,25335.0,TARGET,57.0,12,81.0,27.0
154,seg2_ModeA,P2a,2025-12-18 13:09:04,SHORT,197.0,PRIOR_HELD,30m,301,18.62,16.66,1.9600000000000009,WT,NORMAL,25346.25,25393.75,STOP,-193.0,77,28.0,198.0
155,seg2_ModeA,P2a,2025-12-18 13:49:31,SHORT,197.0,PRIOR_HELD,30m,418,18.62,16.66,1.9600000000000009,CT,NORMAL,25349.5,25334.5,TARGET,57.0,18,65.0,72.0
156,seg2_ModeA,P2a,2025-12-18 15:35:00,SHORT,153.0,NO_PRIOR,60m,964,17.66,16.66,1.0,WT,NORMAL,25321.0,25306.0,TARGET,57.0,11,67.0,24.0
157,seg2_ModeA,P2a,2025-12-19 08:32:04,LONG,96.0,PRIOR_HELD,90m,153,16.900000000000002,16.66,0.240000000000002,CT,NORMAL,25305.75,25320.75,TARGET,57.0,6,92.0,54.0
158,seg2_ModeA,P2a,2025-12-19 11:55:58,LONG,57.0,PRIOR_HELD,30m,141,18.62,16.66,1.9600000000000009,CT,NORMAL,25510.75,25525.75,TARGET,57.0,16,83.0,35.0
159,seg2_ModeA,P2a,2025-12-22 11:50:44,SHORT,131.0,PRIOR_HELD,15m,27,19.11,16.66,2.4499999999999993,WT,NORMAL,25704.0,25689.0,TARGET,57.0,99,66.0,59.0
160,seg2_ModeA,P2a,2025-12-22 14:24:05,LONG,149.0,NO_PRIOR,15m,73,19.87,16.66,3.210000000000001,WT,NORMAL,25694.75,25709.75,TARGET,57.0,15,62.0,19.0
161,seg2_ModeA,P2a,2025-12-22 14:57:24,LONG,149.0,PRIOR_HELD,15m,121,16.900000000000002,16.66,0.240000000000002,CT,NORMAL,25692.25,25691.5,TIMECAP,-6.0,120,45.0,52.0
162,seg2_ModeA,P2a,2025-12-24 12:59:37,LONG,96.0,PRIOR_BROKE,30m,33,17.86,16.66,1.1999999999999993,WT,SBB,25880.25,25895.25,TARGET,57.0,33,68.0,111.0
163,seg2_ModeA,P2a,2025-12-26 12:30:49,SHORT,70.0,NO_PRIOR,15m,145,19.87,16.66,3.210000000000001,WT,NORMAL,25878.75,25863.75,TARGET,57.0,9,65.0,8.0
164,seg2_ModeA,P2a,2025-12-26 13:06:12,SHORT,70.0,PRIOR_HELD,15m,189,16.900000000000002,16.66,0.240000000000002,WT,NORMAL,25881.5,25866.5,TARGET,57.0,11,66.0,2.0
165,seg2_ModeA,P2a,2026-01-02 15:55:00,LONG,56.0,PRIOR_HELD,120m,219,16.900000000000002,16.66,0.240000000000002,CT,NORMAL,25377.75,25392.75,TARGET,57.0,27,72.0,63.0
166,seg2_ModeA,P2a,2026-01-04 21:37:37,LONG,15.0,PRIOR_BROKE,30m,35,17.86,16.66,1.1999999999999993,CT,NORMAL,25460.0,25475.0,TARGET,57.0,3,80.0,31.0
167,seg2_ModeA,P2a,2026-01-05 01:30:33,LONG,60.0,PRIOR_BROKE,30m,36,17.86,16.66,1.1999999999999993,WT,NORMAL,25478.0,25493.0,TARGET,57.0,4,72.0,37.0
168,seg2_ModeA,P2a,2026-01-05 09:39:04,LONG,119.0,PRIOR_HELD,60m,222,16.900000000000002,16.66,0.240000000000002,CT,NORMAL,25571.0,25586.0,TARGET,57.0,12,66.0,40.0
169,seg2_ModeA,P2a,2026-01-05 09:41:47,LONG,119.0,PRIOR_HELD,90m,226,16.900000000000002,16.66,0.240000000000002,CT,NORMAL,25570.25,25585.25,TARGET,57.0,3,75.0,24.0
170,seg2_ModeA,P2a,2026-01-05 09:42:47,LONG,94.0,PRIOR_HELD,30m,252,18.62,16.66,1.9600000000000009,CT,NORMAL,25567.5,25582.5,TARGET,57.0,5,84.0,29.0
171,seg2_ModeA,P2a,2026-01-05 09:49:03,LONG,75.0,NO_PRIOR,60m,334,19.87,16.66,3.210000000000001,CT,NORMAL,25573.75,25588.75,TARGET,57.0,9,77.0,56.0
172,seg2_ModeA,P2a,2026-01-05 09:57:18,LONG,75.0,NO_PRIOR,60m,398,19.87,16.66,3.210000000000001,CT,NORMAL,25572.75,25587.75,TARGET,57.0,3,79.0,20.0
173,seg2_ModeA,P2a,2026-01-07 09:05:21,LONG,22.0,PRIOR_BROKE,30m,31,17.86,16.66,1.1999999999999993,CT,NORMAL,25767.25,25782.25,TARGET,57.0,10,63.0,23.0
174,seg2_ModeA,P2a,2026-01-07 20:22:10,SHORT,55.0,PRIOR_BROKE,30m,35,17.86,16.66,1.1999999999999993,WT,NORMAL,25829.75,25814.75,TARGET,57.0,16,82.0,43.0
175,seg2_ModeA,P2a,2026-01-13 13:59:08,LONG,154.0,PRIOR_HELD,15m,728,16.900000000000002,16.66,0.240000000000002,CT,NORMAL,25840.5,25855.5,TARGET,57.0,54,74.0,77.0
176,seg2_ModeA,P2a,2026-01-13 14:17:25,LONG,154.0,NO_PRIOR,15m,790,19.87,16.66,3.210000000000001,WT,NORMAL,25842.0,25857.0,TARGET,57.0,8,62.0,16.0
177,seg2_ModeA,P2a,2026-01-13 14:26:24,LONG,154.0,PRIOR_HELD,15m,819,16.900000000000002,16.66,0.240000000000002,WT,NORMAL,25843.0,25858.0,TARGET,57.0,3,60.0,11.0
178,seg2_ModeA,P2a,2026-01-13 15:10:59,LONG,154.0,NO_PRIOR,15m,926,17.66,16.66,1.0,CT,NORMAL,25843.5,25858.5,TARGET,57.0,95,61.0,161.0
179,seg2_ModeA,P2a,2026-01-14 13:36:09,LONG,57.0,NO_PRIOR,15m,15319,17.66,16.66,1.0,CT,NORMAL,25434.75,25449.75,TARGET,57.0,20,66.0,56.0
180,seg2_ModeA,P2a,2026-01-14 14:04:15,LONG,148.0,PRIOR_HELD,15m,50,16.900000000000002,16.66,0.240000000000002,CT,NORMAL,25497.0,25512.0,TARGET,57.0,35,72.0,44.0
181,seg2_ModeA,P2a,2026-01-14 14:56:10,LONG,148.0,NO_PRIOR,15m,162,19.87,16.66,3.210000000000001,CT,NORMAL,25502.75,25517.75,TARGET,57.0,31,75.0,169.0
182,seg2_ModeA,P2a,2026-01-15 09:54:35,SHORT,151.0,PRIOR_HELD,30m,92,18.62,16.66,1.9600000000000009,WT,NORMAL,25899.25,25884.25,TARGET,57.0,22,81.0,75.0
183,seg2_ModeA,P2a,2026-01-15 11:12:51,SHORT,151.0,PRIOR_HELD,60m,431,16.900000000000002,16.66,0.240000000000002,WT,NORMAL,25899.75,25884.75,TARGET,57.0,76,61.0,129.0
184,seg2_ModeA,P2a,2026-01-15 11:49:23,SHORT,52.0,PRIOR_HELD,15m,602,16.900000000000002,16.66,0.240000000000002,WT,NORMAL,25923.25,25908.25,TARGET,57.0,22,65.0,56.0
185,seg2_ModeA,P2a,2026-01-15 11:58:09,SHORT,52.0,PRIOR_HELD,15m,636,16.900000000000002,16.66,0.240000000000002,WT,NORMAL,25922.0,25907.0,TARGET,57.0,43,62.0,64.0
186,seg2_ModeA,P2a,2026-01-15 15:39:25,LONG,67.0,NO_PRIOR,30m,1949,19.380000000000003,16.66,2.7200000000000024,CT,NORMAL,25694.0,25709.0,TARGET,57.0,7,67.0,28.0
187,seg2_ModeA,P2a,2026-01-16 09:01:16,SHORT,217.0,PRIOR_BROKE,30m,42,17.86,16.66,1.1999999999999993,WT,SBB,25834.25,25881.75,STOP,-193.0,85,45.0,192.0
188,seg2_ModeA,P2a,2026-01-20 15:59:52,LONG,103.0,PRIOR_HELD,15m,86,16.900000000000002,16.66,0.240000000000002,CT,NORMAL,25131.25,25146.25,TARGET,57.0,25,63.0,16.0
189,seg2_ModeA,P2a,2026-01-20 16:33:16,LONG,103.0,PRIOR_HELD,15m,164,16.900000000000002,16.66,0.240000000000002,CT,NORMAL,25130.0,25145.0,TARGET,57.0,14,63.0,30.0
190,seg2_ModeA,P2a,2026-01-22 07:23:34,SHORT,204.0,PRIOR_HELD,15m,28,19.11,16.66,2.4499999999999993,CT,NORMAL,25687.0,25672.0,TARGET,57.0,3,62.0,15.0
191,seg2_ModeA,P2a,2026-01-22 08:13:38,SHORT,210.0,PRIOR_BROKE,30m,49,17.86,16.66,1.1999999999999993,WT,NORMAL,25680.5,25728.0,STOP,-193.0,33,9.0,197.0
192,seg2_ModeA,P2a,2026-01-22 12:08:26,SHORT,129.0,NO_PRIOR,90m,496,19.87,16.66,3.210000000000001,WT,NORMAL,25688.5,25673.5,TARGET,57.0,19,60.0,22.0
193,seg2_ModeA,P2a,2026-01-22 12:15:03,SHORT,129.0,PRIOR_HELD,90m,519,16.900000000000002,16.66,0.240000000000002,WT,NORMAL,25689.0,25674.0,TARGET,57.0,6,66.0,14.0
194,seg2_ModeA,P2a,2026-01-22 12:30:38,SHORT,129.0,PRIOR_HELD,90m,560,16.900000000000002,16.66,0.240000000000002,WT,NORMAL,25691.5,25694.75,TIMECAP,-16.0,120,48.0,128.0
195,seg2_ModeA,P2b,2026-01-28 07:48:57,SHORT,27.0,PRIOR_BROKE,30m,33,17.86,16.66,1.1999999999999993,CT,NORMAL,26299.25,26284.25,TARGET,57.0,1,67.0,2.0
196,seg2_ModeA,P2b,2026-01-29 06:58:30,SHORT,68.0,PRIOR_BROKE,30m,26,17.86,16.66,1.1999999999999993,CT,NORMAL,26206.0,26191.0,TARGET,57.0,11,70.0,63.0
197,seg2_ModeA,P2b,2026-01-29 18:33:51,SHORT,152.0,PRIOR_HELD,60m,31,19.11,16.66,2.4499999999999993,CT,NORMAL,25990.0,25975.0,TARGET,57.0,8,76.0,120.0
198,seg2_ModeA,P2b,2026-01-29 19:33:20,SHORT,152.0,PRIOR_HELD,60m,70,16.900000000000002,16.66,0.240000000000002,WT,NORMAL,25971.5,25956.5,TARGET,57.0,4,109.0,89.0
199,seg2_ModeA,P2b,2026-01-30 10:46:43,SHORT,46.0,NO_PRIOR,15m,1136,17.66,16.66,1.0,WT,NORMAL,25919.0,25904.0,TARGET,57.0,17,61.0,60.0
200,seg2_ModeA,P2b,2026-01-30 13:58:59,SHORT,93.0,PRIOR_HELD,30m,341,18.62,16.66,1.9600000000000009,WT,NORMAL,25755.5,25740.5,TARGET,57.0,8,66.0,65.0
201,seg2_ModeA,P2b,2026-01-30 14:02:14,SHORT,93.0,PRIOR_HELD,30m,363,18.62,16.66,1.9600000000000009,WT,NORMAL,25755.5,25740.5,TARGET,57.0,6,82.0,29.0
202,seg2_ModeA,P2b,2026-01-30 14:12:10,SHORT,93.0,PRIOR_HELD,30m,405,18.62,16.66,1.9600000000000009,WT,NORMAL,25760.0,25745.0,TARGET,57.0,2,77.0,14.0
203,seg2_ModeA,P2b,2026-01-30 14:21:49,SHORT,21.0,PRIOR_HELD,30m,442,18.62,16.66,1.9600000000000009,WT,NORMAL,25754.5,25739.5,TARGET,57.0,6,80.0,26.0
204,seg2_ModeA,P2b,2026-01-30 15:59:01,SHORT,142.0,PRIOR_HELD,60m,298,16.900000000000002,16.66,0.240000000000002,CT,NORMAL,25668.0,25653.0,TARGET,57.0,71,101.0,156.0
205,seg2_ModeA,P2b,2026-02-03 14:25:50,LONG,220.0,PRIOR_HELD,15m,101,16.900000000000002,16.66,0.240000000000002,CT,NORMAL,25293.75,25308.75,TARGET,57.0,14,81.0,61.0
206,seg2_ModeA,P2b,2026-02-03 14:29:46,LONG,220.0,PRIOR_HELD,15m,123,16.900000000000002,16.66,0.240000000000002,CT,NORMAL,25295.75,25310.75,TARGET,57.0,5,95.0,36.0
207,seg2_ModeA,P2b,2026-02-03 14:32:45,LONG,220.0,PRIOR_HELD,15m,145,16.900000000000002,16.66,0.240000000000002,CT,NORMAL,25281.5,25296.5,TARGET,57.0,3,62.0,4.0
208,seg2_ModeA,P2b,2026-02-03 14:38:45,LONG,220.0,PRIOR_HELD,15m,167,16.900000000000002,16.66,0.240000000000002,CT,NORMAL,25290.0,25242.5,STOP,-193.0,43,35.0,205.0
209,seg2_ModeA,P2b,2026-02-03 15:15:18,LONG,99.0,PRIOR_HELD,15m,85,16.900000000000002,16.66,0.240000000000002,CT,NORMAL,25284.0,25299.0,TARGET,57.0,3,71.0,0.0
210,seg2_ModeA,P2b,2026-02-03 15:20:52,LONG,32.0,PRIOR_HELD,15m,107,16.900000000000002,16.66,0.240000000000002,CT,NORMAL,25295.5,25310.5,TARGET,57.0,8,76.0,19.0
211,seg2_ModeA,P2b,2026-02-03 21:52:29,LONG,203.0,PRIOR_BROKE,30m,44,17.86,16.66,1.1999999999999993,CT,NORMAL,25411.75,25426.75,TARGET,57.0,5,85.0,49.0
212,seg2_ModeA,P2b,2026-02-04 13:32:37,LONG,160.0,PRIOR_HELD,15m,54,16.900000000000002,16.66,0.240000000000002,CT,NORMAL,24871.5,24886.5,TARGET,57.0,14,101.0,77.0
213,seg2_ModeA,P2b,2026-02-04 13:38:12,LONG,160.0,PRIOR_HELD,15m,80,16.900000000000002,16.66,0.240000000000002,CT,NORMAL,24879.5,24894.5,TARGET,57.0,7,66.0,46.0
214,seg2_ModeA,P2b,2026-02-04 13:45:18,LONG,160.0,PRIOR_HELD,15m,110,16.900000000000002,16.66,0.240000000000002,WT,NORMAL,24875.5,24890.5,TARGET,57.0,5,66.0,25.0
215,seg2_ModeA,P2b,2026-02-04 13:53:37,LONG,160.0,PRIOR_HELD,15m,142,16.900000000000002,16.66,0.240000000000002,CT,NORMAL,24870.75,24885.75,TARGET,57.0,2,99.0,2.0
216,seg2_ModeA,P2b,2026-02-04 16:02:56,LONG,190.0,PRIOR_HELD,15m,459,16.900000000000002,16.66,0.240000000000002,CT,NORMAL,24930.5,24883.0,STOP,-193.0,9,42.0,196.0
217,seg2_ModeA,P2b,2026-02-09 16:10:01,SHORT,126.0,PRIOR_HELD,15m,95,16.900000000000002,16.66,0.240000000000002,WT,NORMAL,25359.0,25344.0,TARGET,57.0,33,62.0,146.0
218,seg2_ModeA,P2b,2026-02-10 10:58:31,SHORT,31.0,PRIOR_HELD,30m,52,18.62,16.66,1.9600000000000009,CT,NORMAL,25391.0,25376.0,TARGET,57.0,5,65.0,21.0
219,seg2_ModeA,P2b,2026-02-10 11:17:28,SHORT,31.0,NO_PRIOR,30m,114,21.590000000000003,16.66,4.930000000000003,CT,NORMAL,25389.75,25374.75,TARGET,57.0,10,72.0,20.0
220,seg2_ModeA,P2b,2026-02-10 12:27:53,SHORT,91.0,PRIOR_HELD,15m,206,16.900000000000002,16.66,0.240000000000002,WT,NORMAL,25368.25,25353.25,TARGET,57.0,15,61.0,42.0
221,seg2_ModeA,P2b,2026-02-10 12:41:21,SHORT,91.0,PRIOR_HELD,15m,229,16.900000000000002,16.66,0.240000000000002,WT,NORMAL,25370.25,25355.25,TARGET,57.0,47,79.0,110.0
222,seg2_ModeA,P2b,2026-02-12 15:37:36,SHORT,183.0,PRIOR_HELD,120m,252,16.900000000000002,16.66,0.240000000000002,WT,NORMAL,24819.0,24804.0,TARGET,57.0,8,64.0,12.0
223,seg2_ModeA,P2b,2026-02-12 16:30:01,SHORT,183.0,PRIOR_HELD,120m,505,16.900000000000002,16.66,0.240000000000002,WT,NORMAL,24821.5,24806.5,TARGET,57.0,28,95.0,90.0
224,seg2_ModeA,P2b,2026-02-12 20:05:51,SHORT,180.0,PRIOR_HELD,30m,35,20.83,16.66,4.169999999999998,CT,NORMAL,24787.5,24772.5,TARGET,57.0,20,64.0,130.0
225,seg2_ModeA,P2b,2026-02-13 10:21:43,LONG,100.0,PRIOR_BROKE,30m,49,17.86,16.66,1.1999999999999993,CT,NORMAL,24743.75,24758.75,TARGET,57.0,3,80.0,21.0
226,seg2_ModeA,P2b,2026-02-18 09:48:15,LONG,161.0,PRIOR_BROKE,30m,33,17.86,16.66,1.1999999999999993,CT,NORMAL,24833.0,24848.0,TARGET,57.0,40,84.0,164.0
227,seg2_ModeA,P2b,2026-02-20 13:50:11,SHORT,119.0,PRIOR_HELD,15m,522,16.900000000000002,16.66,0.240000000000002,WT,NORMAL,25074.25,25059.25,TARGET,57.0,2,77.0,0.0
228,seg2_ModeA,P2b,2026-02-20 14:08:34,SHORT,105.0,NO_PRIOR,15m,581,19.87,16.66,3.210000000000001,WT,NORMAL,25090.0,25075.0,TARGET,57.0,5,76.0,13.0
229,seg2_ModeA,P2b,2026-02-20 14:54:18,LONG,80.0,PRIOR_HELD,30m,184,18.62,16.66,1.9600000000000009,CT,NORMAL,25036.5,25051.5,TARGET,57.0,20,62.0,82.0
230,seg2_ModeA,P2b,2026-02-24 14:11:02,LONG,107.0,NO_PRIOR,15m,320,19.87,16.66,3.210000000000001,CT,NORMAL,25013.5,25028.5,TARGET,57.0,62,68.0,100.0
231,seg2_ModeA,P2b,2026-02-24 15:05:37,LONG,93.0,PRIOR_HELD,15m,442,16.900000000000002,16.66,0.240000000000002,CT,NORMAL,25014.25,25029.25,TARGET,57.0,94,65.0,78.0
232,seg2_ModeA,P2b,2026-02-25 09:16:18,LONG,72.0,PRIOR_HELD,30m,27,20.83,16.66,4.169999999999998,WT,NORMAL,25150.0,25165.0,TARGET,57.0,30,73.0,81.0
233,seg2_ModeA,P2b,2026-02-26 15:32:17,SHORT,165.0,PRIOR_HELD,30m,41,20.83,16.66,4.169999999999998,WT,NORMAL,25051.5,25083.5,TIMECAP,-131.0,120,45.0,138.0
234,seg2_ModeA,P2b,2026-02-26 16:51:59,SHORT,165.0,NO_PRIOR,30m,226,21.590000000000003,16.66,4.930000000000003,CT,NORMAL,25049.25,25034.25,TARGET,57.0,3,70.0,0.0
235,seg2_ModeA,P2b,2026-02-26 19:43:23,LONG,48.0,PRIOR_HELD,60m,504,16.900000000000002,16.66,0.240000000000002,CT,NORMAL,24975.25,24990.25,TARGET,57.0,7,83.0,82.0
236,seg2_ModeA,P2b,2026-02-27 10:11:30,SHORT,197.0,NO_PRIOR,60m,587,19.87,16.66,3.210000000000001,WT,NORMAL,24984.0,24969.0,TARGET,57.0,15,60.0,38.0
237,seg2_ModeA,P2b,2026-02-27 10:24:39,SHORT,197.0,NO_PRIOR,60m,658,19.87,16.66,3.210000000000001,WT,NORMAL,24989.0,24974.0,TARGET,57.0,4,64.0,34.0
238,seg2_ModeA,P2b,2026-02-27 10:37:14,SHORT,197.0,NO_PRIOR,60m,712,19.87,16.66,3.210000000000001,WT,NORMAL,24988.75,24973.75,TARGET,57.0,4,66.0,25.0
239,seg2_ModeA,P2b,2026-02-27 10:43:11,SHORT,197.0,PRIOR_HELD,60m,734,16.900000000000002,16.66,0.240000000000002,WT,NORMAL,24985.0,24970.0,TARGET,57.0,39,66.0,129.0
240,seg2_ModeA,P2b,2026-03-02 06:16:02,LONG,174.0,PRIOR_HELD,15m,35,19.11,16.66,2.4499999999999993,WT,NORMAL,24642.0,24657.0,TARGET,57.0,2,83.0,28.0
241,seg4_ModeA,P2a,2025-12-15 14:58:35,SHORT,38.0,PRIOR_HELD,15m,177,16.900000000000002,16.66,0.240000000000002,WT,NORMAL,25398.75,25383.75,TARGET,57.0,5,85.0,25.0
242,seg4_ModeA,P2a,2025-12-17 18:14:55,LONG,215.0,PRIOR_HELD,30m,53,18.62,16.66,1.9600000000000009,CT,NORMAL,24963.5,24916.0,STOP,-193.0,16,56.0,223.0
243,seg4_ModeA,P2a,2025-12-18 13:09:04,SHORT,197.0,PRIOR_HELD,30m,301,18.62,16.66,1.9600000000000009,WT,NORMAL,25346.25,25393.75,STOP,-193.0,77,28.0,198.0
244,seg4_ModeA,P2a,2025-12-18 13:49:31,SHORT,197.0,PRIOR_HELD,30m,418,18.62,16.66,1.9600000000000009,CT,NORMAL,25349.5,25334.5,TARGET,57.0,18,65.0,72.0
245,seg4_ModeA,P2a,2025-12-18 15:35:00,SHORT,153.0,NO_PRIOR,60m,964,17.66,16.66,1.0,WT,NORMAL,25321.0,25306.0,TARGET,57.0,11,67.0,24.0
246,seg4_ModeA,P2a,2025-12-19 08:32:04,LONG,96.0,PRIOR_HELD,90m,153,16.900000000000002,16.66,0.240000000000002,CT,NORMAL,25305.75,25320.75,TARGET,57.0,6,92.0,54.0
247,seg4_ModeA,P2a,2025-12-19 11:55:58,LONG,57.0,PRIOR_HELD,30m,141,18.62,16.66,1.9600000000000009,CT,NORMAL,25510.75,25525.75,TARGET,57.0,16,83.0,35.0
248,seg4_ModeA,P2a,2025-12-22 11:50:44,SHORT,131.0,PRIOR_HELD,15m,27,19.11,16.66,2.4499999999999993,WT,NORMAL,25704.0,25689.0,TARGET,57.0,99,66.0,59.0
249,seg4_ModeA,P2a,2025-12-22 14:24:05,LONG,149.0,NO_PRIOR,15m,73,19.87,16.66,3.210000000000001,WT,NORMAL,25694.75,25709.75,TARGET,57.0,15,62.0,19.0
250,seg4_ModeA,P2a,2025-12-22 14:57:24,LONG,149.0,PRIOR_HELD,15m,121,16.900000000000002,16.66,0.240000000000002,CT,NORMAL,25692.25,25691.5,TIMECAP,-6.0,120,45.0,52.0
251,seg4_ModeA,P2a,2025-12-24 12:59:37,LONG,96.0,PRIOR_BROKE,30m,33,17.86,16.66,1.1999999999999993,WT,SBB,25880.25,25895.25,TARGET,57.0,33,68.0,111.0
252,seg4_ModeA,P2a,2025-12-26 12:30:49,SHORT,70.0,NO_PRIOR,15m,145,19.87,16.66,3.210000000000001,WT,NORMAL,25878.75,25863.75,TARGET,57.0,9,65.0,8.0
253,seg4_ModeA,P2a,2025-12-26 13:06:12,SHORT,70.0,PRIOR_HELD,15m,189,16.900000000000002,16.66,0.240000000000002,WT,NORMAL,25881.5,25866.5,TARGET,57.0,11,66.0,2.0
254,seg4_ModeA,P2a,2026-01-02 15:55:00,LONG,56.0,PRIOR_HELD,120m,219,16.900000000000002,16.66,0.240000000000002,CT,NORMAL,25377.75,25392.75,TARGET,57.0,27,72.0,63.0
255,seg4_ModeA,P2a,2026-01-05 01:30:33,LONG,60.0,PRIOR_BROKE,30m,36,17.86,16.66,1.1999999999999993,WT,NORMAL,25478.0,25493.0,TARGET,57.0,4,72.0,37.0
256,seg4_ModeA,P2a,2026-01-05 09:39:04,LONG,119.0,PRIOR_HELD,60m,222,16.900000000000002,16.66,0.240000000000002,CT,NORMAL,25571.0,25586.0,TARGET,57.0,12,66.0,40.0
257,seg4_ModeA,P2a,2026-01-05 09:41:47,LONG,119.0,PRIOR_HELD,90m,226,16.900000000000002,16.66,0.240000000000002,CT,NORMAL,25570.25,25585.25,TARGET,57.0,3,75.0,24.0
258,seg4_ModeA,P2a,2026-01-05 09:49:03,LONG,75.0,NO_PRIOR,60m,334,19.87,16.66,3.210000000000001,CT,NORMAL,25573.75,25588.75,TARGET,57.0,9,77.0,56.0
259,seg4_ModeA,P2a,2026-01-05 09:57:18,LONG,75.0,NO_PRIOR,60m,398,19.87,16.66,3.210000000000001,CT,NORMAL,25572.75,25587.75,TARGET,57.0,3,79.0,20.0
260,seg4_ModeA,P2a,2026-01-07 09:05:21,LONG,22.0,PRIOR_BROKE,30m,31,17.86,16.66,1.1999999999999993,CT,NORMAL,25767.25,25782.25,TARGET,57.0,10,63.0,23.0
261,seg4_ModeA,P2a,2026-01-13 13:59:08,LONG,154.0,PRIOR_HELD,15m,728,16.900000000000002,16.66,0.240000000000002,CT,NORMAL,25840.5,25855.5,TARGET,57.0,54,74.0,77.0
262,seg4_ModeA,P2a,2026-01-13 14:17:25,LONG,154.0,NO_PRIOR,15m,790,19.87,16.66,3.210000000000001,WT,NORMAL,25842.0,25857.0,TARGET,57.0,8,62.0,16.0
263,seg4_ModeA,P2a,2026-01-13 14:26:24,LONG,154.0,PRIOR_HELD,15m,819,16.900000000000002,16.66,0.240000000000002,WT,NORMAL,25843.0,25858.0,TARGET,57.0,3,60.0,11.0
264,seg4_ModeA,P2a,2026-01-13 15:10:59,LONG,154.0,NO_PRIOR,15m,926,17.66,16.66,1.0,CT,NORMAL,25843.5,25858.5,TARGET,57.0,95,61.0,161.0
265,seg4_ModeA,P2a,2026-01-14 13:36:09,LONG,57.0,NO_PRIOR,15m,15319,17.66,16.66,1.0,CT,NORMAL,25434.75,25449.75,TARGET,57.0,20,66.0,56.0
266,seg4_ModeA,P2a,2026-01-14 14:04:15,LONG,148.0,PRIOR_HELD,15m,50,16.900000000000002,16.66,0.240000000000002,CT,NORMAL,25497.0,25512.0,TARGET,57.0,35,72.0,44.0
267,seg4_ModeA,P2a,2026-01-14 14:56:10,LONG,148.0,NO_PRIOR,15m,162,19.87,16.66,3.210000000000001,CT,NORMAL,25502.75,25517.75,TARGET,57.0,31,75.0,169.0
268,seg4_ModeA,P2a,2026-01-15 09:54:35,SHORT,151.0,PRIOR_HELD,30m,92,18.62,16.66,1.9600000000000009,WT,NORMAL,25899.25,25884.25,TARGET,57.0,22,81.0,75.0
269,seg4_ModeA,P2a,2026-01-15 11:23:31,SHORT,52.0,PRIOR_HELD,15m,524,16.900000000000002,16.66,0.240000000000002,WT,NORMAL,25926.0,25911.0,TARGET,57.0,9,65.0,24.0
270,seg4_ModeA,P2a,2026-01-15 11:49:23,SHORT,52.0,PRIOR_HELD,15m,602,16.900000000000002,16.66,0.240000000000002,WT,NORMAL,25923.25,25908.25,TARGET,57.0,22,65.0,56.0
271,seg4_ModeA,P2a,2026-01-15 11:58:09,SHORT,52.0,PRIOR_HELD,15m,636,16.900000000000002,16.66,0.240000000000002,WT,NORMAL,25922.0,25907.0,TARGET,57.0,43,62.0,64.0
272,seg4_ModeA,P2a,2026-01-15 15:39:25,LONG,67.0,NO_PRIOR,30m,1949,19.380000000000003,16.66,2.7200000000000024,CT,NORMAL,25694.0,25709.0,TARGET,57.0,7,67.0,28.0
273,seg4_ModeA,P2a,2026-01-16 09:01:16,SHORT,217.0,PRIOR_BROKE,30m,42,17.86,16.66,1.1999999999999993,WT,SBB,25834.25,25881.75,STOP,-193.0,85,45.0,192.0
274,seg4_ModeA,P2a,2026-01-20 15:59:52,LONG,103.0,PRIOR_HELD,15m,86,16.900000000000002,16.66,0.240000000000002,CT,NORMAL,25131.25,25146.25,TARGET,57.0,25,63.0,16.0
275,seg4_ModeA,P2a,2026-01-20 16:33:16,LONG,103.0,PRIOR_HELD,15m,164,16.900000000000002,16.66,0.240000000000002,CT,NORMAL,25130.0,25145.0,TARGET,57.0,14,63.0,30.0
276,seg4_ModeA,P2a,2026-01-22 07:23:34,SHORT,204.0,PRIOR_HELD,15m,28,19.11,16.66,2.4499999999999993,CT,NORMAL,25687.0,25672.0,TARGET,57.0,3,62.0,15.0
277,seg4_ModeA,P2a,2026-01-22 08:13:38,SHORT,210.0,PRIOR_BROKE,30m,49,17.86,16.66,1.1999999999999993,WT,NORMAL,25680.5,25728.0,STOP,-193.0,33,9.0,197.0
278,seg4_ModeA,P2a,2026-01-22 12:08:26,SHORT,129.0,NO_PRIOR,90m,496,19.87,16.66,3.210000000000001,WT,NORMAL,25688.5,25673.5,TARGET,57.0,19,60.0,22.0
279,seg4_ModeA,P2a,2026-01-22 12:15:03,SHORT,129.0,PRIOR_HELD,90m,519,16.900000000000002,16.66,0.240000000000002,WT,NORMAL,25689.0,25674.0,TARGET,57.0,6,66.0,14.0
280,seg4_ModeA,P2a,2026-01-22 12:30:38,SHORT,129.0,PRIOR_HELD,90m,560,16.900000000000002,16.66,0.240000000000002,WT,NORMAL,25691.5,25694.75,TIMECAP,-16.0,120,48.0,128.0
281,seg4_ModeA,P2b,2026-01-28 07:48:57,SHORT,27.0,PRIOR_BROKE,30m,33,17.86,16.66,1.1999999999999993,CT,NORMAL,26299.25,26284.25,TARGET,57.0,1,67.0,2.0
282,seg4_ModeA,P2b,2026-01-29 06:58:30,SHORT,68.0,PRIOR_BROKE,30m,26,17.86,16.66,1.1999999999999993,CT,NORMAL,26206.0,26191.0,TARGET,57.0,11,70.0,63.0
283,seg4_ModeA,P2b,2026-01-30 10:46:43,SHORT,46.0,NO_PRIOR,15m,1136,17.66,16.66,1.0,WT,NORMAL,25919.0,25904.0,TARGET,57.0,17,61.0,60.0
284,seg4_ModeA,P2b,2026-01-30 13:58:59,SHORT,93.0,PRIOR_HELD,30m,341,18.62,16.66,1.9600000000000009,WT,NORMAL,25755.5,25740.5,TARGET,57.0,8,66.0,65.0
285,seg4_ModeA,P2b,2026-01-30 14:02:14,SHORT,93.0,PRIOR_HELD,30m,363,18.62,16.66,1.9600000000000009,WT,NORMAL,25755.5,25740.5,TARGET,57.0,6,82.0,29.0
286,seg4_ModeA,P2b,2026-01-30 14:21:49,SHORT,21.0,PRIOR_HELD,30m,442,18.62,16.66,1.9600000000000009,WT,NORMAL,25754.5,25739.5,TARGET,57.0,6,80.0,26.0
287,seg4_ModeA,P2b,2026-01-30 15:59:01,SHORT,142.0,PRIOR_HELD,60m,298,16.900000000000002,16.66,0.240000000000002,CT,NORMAL,25668.0,25653.0,TARGET,57.0,71,101.0,156.0
288,seg4_ModeA,P2b,2026-02-03 15:20:52,LONG,32.0,PRIOR_HELD,15m,107,16.900000000000002,16.66,0.240000000000002,CT,NORMAL,25295.5,25310.5,TARGET,57.0,8,76.0,19.0
289,seg4_ModeA,P2b,2026-02-04 13:32:37,LONG,160.0,PRIOR_HELD,15m,54,16.900000000000002,16.66,0.240000000000002,CT,NORMAL,24871.5,24886.5,TARGET,57.0,14,101.0,77.0
290,seg4_ModeA,P2b,2026-02-04 13:38:12,LONG,160.0,PRIOR_HELD,15m,80,16.900000000000002,16.66,0.240000000000002,CT,NORMAL,24879.5,24894.5,TARGET,57.0,7,66.0,46.0
291,seg4_ModeA,P2b,2026-02-04 13:45:18,LONG,160.0,PRIOR_HELD,15m,110,16.900000000000002,16.66,0.240000000000002,WT,NORMAL,24875.5,24890.5,TARGET,57.0,5,66.0,25.0
292,seg4_ModeA,P2b,2026-02-04 16:02:56,LONG,190.0,PRIOR_HELD,15m,459,16.900000000000002,16.66,0.240000000000002,CT,NORMAL,24930.5,24883.0,STOP,-193.0,9,42.0,196.0
293,seg4_ModeA,P2b,2026-02-09 16:10:01,SHORT,126.0,PRIOR_HELD,15m,95,16.900000000000002,16.66,0.240000000000002,WT,NORMAL,25359.0,25344.0,TARGET,57.0,33,62.0,146.0
294,seg4_ModeA,P2b,2026-02-10 10:58:31,SHORT,31.0,PRIOR_HELD,30m,52,18.62,16.66,1.9600000000000009,CT,NORMAL,25391.0,25376.0,TARGET,57.0,5,65.0,21.0
295,seg4_ModeA,P2b,2026-02-10 11:17:28,SHORT,31.0,NO_PRIOR,30m,114,21.590000000000003,16.66,4.930000000000003,CT,NORMAL,25389.75,25374.75,TARGET,57.0,10,72.0,20.0
296,seg4_ModeA,P2b,2026-02-10 12:27:53,SHORT,91.0,PRIOR_HELD,15m,206,16.900000000000002,16.66,0.240000000000002,WT,NORMAL,25368.25,25353.25,TARGET,57.0,15,61.0,42.0
297,seg4_ModeA,P2b,2026-02-10 12:41:21,SHORT,91.0,PRIOR_HELD,15m,229,16.900000000000002,16.66,0.240000000000002,WT,NORMAL,25370.25,25355.25,TARGET,57.0,47,79.0,110.0
298,seg4_ModeA,P2b,2026-02-12 15:37:36,SHORT,183.0,PRIOR_HELD,120m,252,16.900000000000002,16.66,0.240000000000002,WT,NORMAL,24819.0,24804.0,TARGET,57.0,8,64.0,12.0
299,seg4_ModeA,P2b,2026-02-12 16:30:01,SHORT,183.0,PRIOR_HELD,120m,505,16.900000000000002,16.66,0.240000000000002,WT,NORMAL,24821.5,24806.5,TARGET,57.0,28,95.0,90.0
300,seg4_ModeA,P2b,2026-02-20 14:08:34,SHORT,105.0,NO_PRIOR,15m,581,19.87,16.66,3.210000000000001,WT,NORMAL,25090.0,25075.0,TARGET,57.0,5,76.0,13.0
301,seg4_ModeA,P2b,2026-02-20 14:54:18,LONG,80.0,PRIOR_HELD,30m,184,18.62,16.66,1.9600000000000009,CT,NORMAL,25036.5,25051.5,TARGET,57.0,20,62.0,82.0
302,seg4_ModeA,P2b,2026-02-24 14:11:02,LONG,107.0,NO_PRIOR,15m,320,19.87,16.66,3.210000000000001,CT,NORMAL,25013.5,25028.5,TARGET,57.0,62,68.0,100.0
303,seg4_ModeA,P2b,2026-02-24 15:05:37,LONG,93.0,PRIOR_HELD,15m,442,16.900000000000002,16.66,0.240000000000002,CT,NORMAL,25014.25,25029.25,TARGET,57.0,94,65.0,78.0
304,seg4_ModeA,P2b,2026-02-25 09:16:18,LONG,72.0,PRIOR_HELD,30m,27,20.83,16.66,4.169999999999998,WT,NORMAL,25150.0,25165.0,TARGET,57.0,30,73.0,81.0
305,seg4_ModeA,P2b,2026-02-26 15:52:38,SHORT,165.0,NO_PRIOR,30m,102,21.590000000000003,16.66,4.930000000000003,CT,NORMAL,25049.25,25039.75,TIMECAP,35.0,120,38.0,163.0
306,seg4_ModeA,P2b,2026-02-26 16:51:59,SHORT,165.0,NO_PRIOR,30m,226,21.590000000000003,16.66,4.930000000000003,CT,NORMAL,25049.25,25034.25,TARGET,57.0,3,70.0,0.0
307,seg4_ModeA,P2b,2026-02-26 19:43:23,LONG,48.0,PRIOR_HELD,60m,504,16.900000000000002,16.66,0.240000000000002,CT,NORMAL,24975.25,24990.25,TARGET,57.0,7,83.0,82.0
308,seg4_ModeA,P2b,2026-02-27 10:11:30,SHORT,197.0,NO_PRIOR,60m,587,19.87,16.66,3.210000000000001,WT,NORMAL,24984.0,24969.0,TARGET,57.0,15,60.0,38.0
309,seg4_ModeA,P2b,2026-02-27 10:24:39,SHORT,197.0,NO_PRIOR,60m,658,19.87,16.66,3.210000000000001,WT,NORMAL,24989.0,24974.0,TARGET,57.0,4,64.0,34.0
310,seg4_ModeA,P2b,2026-02-27 10:37:14,SHORT,197.0,NO_PRIOR,60m,712,19.87,16.66,3.210000000000001,WT,NORMAL,24988.75,24973.75,TARGET,57.0,4,66.0,25.0
311,seg4_ModeA,P2b,2026-02-27 10:43:11,SHORT,197.0,PRIOR_HELD,60m,734,16.900000000000002,16.66,0.240000000000002,WT,NORMAL,24985.0,24970.0,TARGET,57.0,39,66.0,129.0
312,seg4_ModeA,P2b,2026-03-02 06:16:02,LONG,174.0,PRIOR_HELD,15m,35,19.11,16.66,2.4499999999999993,WT,NORMAL,24642.0,24657.0,TARGET,57.0,2,83.0,28.0
